,name,sector,positives,negatives,votes,rating
0,TCS,IT Services & Consulting,Job Security,"Promotions / Appraisal, Salary & Benefits, Work Satisfaction",1.1L,3.3
1,Accenture,IT Services & Consulting,nan,"Promotions / Appraisal, Salary & Benefits, Work Satisfaction",71.8k,3.7
2,Wipro,IT Services & Consulting,nan,"Promotions / Appraisal, Salary & Benefits, Work Satisfaction",63.8k,3.6
3,Cognizant,IT Services & Consulting,nan,"Promotions / Appraisal, Salary & Benefits, Work Satisfaction",60.1k,3.6
4,Capgemini,IT Services & Consulting,"Work Life Balance, Job Security","Promotions / Appraisal, Salary & Benefits, Work Satisfaction",51.8k,3.7
5,HDFC Bank,Banking,"Job Security, Skill Development / Learning","Promotions / Appraisal, Salary & Benefits",51k,3.8
6,Infosys,IT Services & Consulting,Job Security,"Promotions / Appraisal, Salary & Benefits, Work Satisfaction",47.6k,3.5
7,ICICI Bank,Banking,"Job Security, Promotions / Appraisal, Skill Development / Learning",nan,45.2k,4.0
8,HCLTech,IT Services & Consulting,nan,"Promotions / Appraisal, Salary & Benefits, Work Satisfaction",44.8k,3.4
9,Tech Mahindra,IT Services & Consulting,nan,"Promotions / Appraisal, Salary & Benefits, Work Satisfaction",42.5k,3.4
10,Genpact,IT Services & Consulting,Job Security,"Promotions / Appraisal, Salary & Benefits, Work Satisfaction",41.1k,3.6
11,Teleperformance,BPO,nan,nan,37k,3.8
12,Jio,Telecom,"Job Security, Skill Development / Learning, Company Culture",nan,33.1k,4.4
13,Axis Bank,Banking,nan,"Promotions / Appraisal, Work Satisfaction, Company Culture",32.5k,3.6
14,Concentrix Corporation,BPO,Job Security,"Promotions / Appraisal, Salary & Benefits, Work Satisfaction",31.5k,3.6
15,Amazon,Internet,"Company Culture, Work Life Balance, Salary & Benefits",Promotions / Appraisal,31k,3.9
16,iEnergizer,BPO,"Company Culture, Job Security, Skill Development / Learning",nan,27.2k,4.6
17,Reliance Retail,Retail,"Job Security, Skill Development / Learning, Work Life Balance",Promotions / Appraisal,27.1k,3.9
18,LTIMindtree,IT Services & Consulting,nan,"Promotions / Appraisal, Salary & Benefits, Work Satisfaction",26k,3.6
19,IBM,IT Services & Consulting,"Work Life Balance, Company Culture, Job Security",Promotions / Appraisal,25.4k,3.9
20,HDB Financial Services,NBFC,"Work Life Balance, Job Security, Skill Development / Learning","Promotions / Appraisal, Salary & Benefits",25.2k,3.9
21,Larsen & Toubro Limited,Engineering & Construction,"Job Security, Skill Development / Learning","Promotions / Appraisal, Work Life Balance",23.4k,3.9
22,Deloitte,Management Consulting,Job Security,"Promotions / Appraisal, Work Life Balance, Work Satisfaction",22.5k,3.7
23,Kotak Mahindra Bank,Banking,nan,"Promotions / Appraisal, Work Satisfaction, Company Culture",22k,3.6
24,Reliance Industries,Oil & Gas,"Job Security, Work Life Balance, Skill Development / Learning",Promotions / Appraisal,19.9k,4.0
25,Vodafone Idea,Telecom,"Salary & Benefits, Company Culture, Work Life Balance",Promotions / Appraisal,17.4k,3.9
26,Bharti Airtel,Telecom,nan,Promotions / Appraisal,16.9k,3.8
27,BYJU'S,EdTech,nan,"Job Security, Work Life Balance, Company Culture",16.4k,3.2
28,WNS,IT Services & Consulting,nan,"Promotions / Appraisal, Salary & Benefits, Work Satisfaction",14.9k,3.3
29,IDFC FIRST Bank,Banking,"Salary & Benefits, Work Life Balance, Skill Development / Learning",nan,14.1k,3.9
30,Ernst & Young,Management Consulting,nan,"Promotions / Appraisal, Work Life Balance, Work Satisfaction",14.1k,3.4
31,Tata Motors,Automobile,"Job Security, Company Culture, Work Life Balance",Promotions / Appraisal,14k,4.1
32,IndusInd Bank,Banking,nan,"Promotions / Appraisal, Company Culture, Work Satisfaction",13.9k,3.4
33,AU Small Finance Bank,Banking,"Skill Development / Learning, Salary & Benefits",nan,13.9k,3.9
34,Bajaj Finserv,NBFC,"Salary & Benefits, Skill Development / Learning, Job Security",nan,12.8k,4.0
35,Flipkart,Internet,"Company Culture, Skill Development / Learning, Salary & Benefits",Promotions / Appraisal,12.7k,3.9
36,Muthoot FinCorp,NBFC,"Company Culture, Skill Development / Learning, Work Life Balance",nan,12.7k,4.6
37,PwC,Management Consulting,nan,"Promotions / Appraisal, Work Life Balance, Work Satisfaction",12.1k,3.3
38,Mahindra & Mahindra,Automobile,"Job Security, Skill Development / Learning, Company Culture",Promotions / Appraisal,11.9k,4.0
39,Infosys BPM,BPO,Job Security,"Promotions / Appraisal, Salary & Benefits, Work Satisfaction",11.8k,3.5
40,DXC Technology,IT Services & Consulting,Work Life Balance,"Promotions / Appraisal, Salary & Benefits, Work Satisfaction",11.8k,3.6
41,HDFC Life,Insurance,"Job Security, Skill Development / Learning",nan,11.8k,3.9
42,Bandhan Bank,Banking,nan,"Promotions / Appraisal, Work Satisfaction, Skill Development / Learning",10.8k,3.7
43,Digitide Solutions,IT Services & Consulting,nan,"Promotions / Appraisal, Salary & Benefits, Work Satisfaction",10.2k,3.5
44,Mphasis,IT Services & Consulting,nan,"Promotions / Appraisal, Salary & Benefits, Work Satisfaction",10.1k,3.3
45,Yes Bank,Banking,nan,"Job Security, Promotions / Appraisal, Company Culture",10k,3.6
46,Tata Steel,Iron & Steel,"Work Life Balance, Job Security, Company Culture",Promotions / Appraisal,9.8k,4.0
47,Quess,Recruitment,nan,"Promotions / Appraisal, Job Security",9.5k,3.8
48,Maruti Suzuki,Automobile,"Job Security, Salary & Benefits, Company Culture",nan,9.4k,4.2
49,Asian Paints,Chemicals,"Salary & Benefits, Skill Development / Learning, Job Security",Promotions / Appraisal,9.4k,3.9
50,Startek,BPO,nan,"Promotions / Appraisal, Work Satisfaction, Salary & Benefits",9.3k,3.1
51,UltraTech Cement,Building Material,"Job Security, Skill Development / Learning, Company Culture",Promotions / Appraisal,9.2k,4.1
52,Paytm,FinTech,nan,"Job Security, Promotions / Appraisal, Company Culture",9.2k,3.2
53,Shriram Finance,NBFC,"Job Security, Company Culture, Work Life Balance",Promotions / Appraisal,9k,4.0
54,Bajaj Finance,NBFC,"Salary & Benefits, Skill Development / Learning, Job Security",nan,9k,3.9
55,Sutherland Global Services,BPO,nan,"Promotions / Appraisal, Salary & Benefits, Work Satisfaction",8.8k,3.4
56,Equitas Small Finance Bank,Banking,"Company Culture, Job Security, Skill Development / Learning",nan,8.8k,4.4
57,Cipla,Pharma,"Salary & Benefits, Work Life Balance, Skill Development / Learning",nan,8.5k,4.1
58,EXL Service,Analytics & KPO,Job Security,"Promotions / Appraisal, Salary & Benefits, Skill Development / Learning",8.4k,3.6
59,Wells Fargo,Financial Services,Work Life Balance,"Promotions / Appraisal, Skill Development / Learning, Work Satisfaction",8.4k,3.7
60,Ericsson,Telecom,"Company Culture, Work Life Balance","Promotions / Appraisal, Salary & Benefits",8.3k,3.9
61,Samsung,Consumer Electronics & Appliances,"Work Life Balance, Salary & Benefits",Promotions / Appraisal,8.3k,3.9
62,Dr. Reddy's,Pharma,"Company Culture, Work Life Balance, Skill Development / Learning",Promotions / Appraisal,8.1k,4.0
63,Optum Global Solutions,IT Services & Consulting,"Job Security, Work Life Balance, Company Culture",Promotions / Appraisal,7.8k,4.0
64,Delhivery,Logistics,nan,Promotions / Appraisal,7.7k,3.8
65,JPMorgan Chase & Co.,Financial Services,Job Security,Promotions / Appraisal,7.7k,3.8
66,ICICI Prudential Life Insurance,Insurance,"Job Security, Salary & Benefits, Skill Development / Learning",nan,7.6k,4.0
67,JSW Steel,Iron & Steel,"Job Security, Skill Development / Learning",Promotions / Appraisal,7.6k,3.9
68,HGS,BPO,nan,"Promotions / Appraisal, Salary & Benefits",7.5k,3.7
69,Jana Small Finance Bank,Banking,Salary & Benefits,Promotions / Appraisal,7.5k,3.8
70,Hexaware Technologies,IT Services & Consulting,nan,"Promotions / Appraisal, Salary & Benefits, Work Satisfaction",7.5k,3.4
71,Ujjivan Small Finance Bank,Banking,"Company Culture, Work Life Balance, Job Security",nan,7.5k,4.0
72,Sun Pharmaceutical Industries,Pharma,"Salary & Benefits, Job Security, Skill Development / Learning",nan,7.5k,4.1
73,Amazon Development Centre India,Internet,"Company Culture, Work Life Balance",Promotions / Appraisal,7.4k,3.8
74,Lupin,Pharma,"Skill Development / Learning, Company Culture, Work Life Balance",Promotions / Appraisal,7.3k,4.1
75,Ekart Logistics,Logistics,Skill Development / Learning,Promotions / Appraisal,7.2k,3.9
76,L&T Construction,Engineering & Construction,"Job Security, Skill Development / Learning, Salary & Benefits","Work Life Balance, Promotions / Appraisal",7.2k,4.0
77,Zydus Lifesciences,Pharma,"Salary & Benefits, Skill Development / Learning",nan,7.2k,3.9
78,Hindustan Unilever,FMCG,"Skill Development / Learning, Company Culture, Work Life Balance",Promotions / Appraisal,7.1k,4.2
79,KPMG India,Management Consulting,nan,"Promotions / Appraisal, Work Life Balance, Work Satisfaction",7.1k,3.4
80,ITC,FMCG,"Job Security, Skill Development / Learning",Promotions / Appraisal,7k,3.9
81,Axis Max Life Insurance,Insurance,"Skill Development / Learning, Company Culture, Work Life Balance",nan,7k,4.0
82,Megha Engineering & Infrastructures,Engineering & Construction,Work Life Balance,Promotions / Appraisal,6.8k,3.9
83,Tata Projects,Engineering & Construction,"Salary & Benefits, Company Culture, Work Life Balance",nan,6.7k,4.2
84,Coforge,IT Services & Consulting,nan,"Promotions / Appraisal, Salary & Benefits, Work Satisfaction",6.6k,3.3
85,Bajaj Life Insurance,Insurance,Salary & Benefits,nan,6.5k,3.8
86,L&T Technology Services,IT Services & Consulting,nan,"Promotions / Appraisal, Salary & Benefits, Work Satisfaction",6.4k,3.1
87,FIS,FinTech,"Work Life Balance, Company Culture","Promotions / Appraisal, Skill Development / Learning",6.4k,3.8
88,Cholamandalam Investment & Finance,Financial Services,Salary & Benefits,nan,6.4k,3.8
89,Oracle,Software Product,Work Life Balance,"Promotions / Appraisal, Salary & Benefits, Work Satisfaction",6.3k,3.5
90,IIFL Finance,NBFC,"Work Life Balance, Company Culture, Job Security",nan,6.3k,4.0
91,Omega Healthcare,BPO,nan,"Promotions / Appraisal, Salary & Benefits",6.3k,3.8
92,Muthoot Finance,NBFC,nan,Promotions / Appraisal,6.2k,3.7
93,JLL,Real Estate,"Job Security, Company Culture, Work Life Balance",Promotions / Appraisal,6.2k,4.1
94,Indian Army,Defence & Aerospace,"Job Security, Company Culture, Work Life Balance",nan,6.2k,4.7
95,eClerx,IT Services & Consulting,nan,"Promotions / Appraisal, Salary & Benefits, Work Satisfaction",6.1k,3.1
96,HCL Group,IT Services & Consulting,nan,"Promotions / Appraisal, Salary & Benefits, Work Satisfaction",6.1k,3.5
97,Virtusa Consulting Services,IT Services & Consulting,nan,"Promotions / Appraisal, Work Satisfaction, Job Security",6k,3.7
98,DMart,Retail,"Job Security, Company Culture",Promotions / Appraisal,6k,3.9
99,Piramal Finance,NBFC,"Company Culture, Work Life Balance, Skill Development / Learning",nan,6k,4.2
100,HSBC Group,Financial Services,"Work Life Balance, Job Security, Company Culture","Promotions / Appraisal, Salary & Benefits",5.9k,3.9
101,Indiamart Intermesh,Internet,nan,"Work Satisfaction, Promotions / Appraisal, Company Culture",5.9k,3.5
102,SMFG India Credit,NBFC,Salary & Benefits,Promotions / Appraisal,5.8k,3.9
103,PolicyBazaar,Internet,Salary & Benefits,Work Life Balance,5.8k,3.8
104,Access Healthcare,BPO,Job Security,"Promotions / Appraisal, Skill Development / Learning",5.7k,3.7
105,Aurobindo Pharma,Pharma,"Job Security, Salary & Benefits, Work Life Balance",Promotions / Appraisal,5.7k,4.0
106,BigBasket,Internet,Job Security,Promotions / Appraisal,5.7k,3.9
107,Siemens,Industrial Automation,"Work Life Balance, Company Culture, Job Security",Promotions / Appraisal,5.7k,3.9
108,Udaan,Internet,"Salary & Benefits, Skill Development / Learning","Job Security, Promotions / Appraisal",5.7k,3.9
109,Manappuram Finance,NBFC,"Work Life Balance, Promotions / Appraisal, Skill Development / Learning",nan,5.7k,3.9
110,GlobalLogic,IT Services & Consulting,nan,"Promotions / Appraisal, Salary & Benefits, Work Satisfaction",5.7k,3.5
111,Firstsource Solutions,BPO,nan,"Promotions / Appraisal, Salary & Benefits, Work Satisfaction",5.6k,3.5
112,Tata Capital,NBFC,"Job Security, Company Culture, Work Life Balance",Promotions / Appraisal,5.6k,4.0
113,ICICI Lombard General Insurance Company,Insurance,nan,"Promotions / Appraisal, Work Satisfaction, Company Culture",5.6k,3.5
114,Shapoorji Pallonji Group,Engineering & Construction,"Job Security, Company Culture, Work Life Balance",Promotions / Appraisal,5.6k,4.1
115,Standard Chartered,Banking,nan,"Promotions / Appraisal, Work Satisfaction, Salary & Benefits",5.6k,3.6
116,Apollo Hospitals,Healthcare,"Job Security, Company Culture, Skill Development / Learning",nan,5.6k,4.1
117,UST,IT Services & Consulting,Work Life Balance,"Promotions / Appraisal, Job Security, Salary & Benefits",5.6k,3.7
118,Mahindra Finance,NBFC,nan,Promotions / Appraisal,5.5k,3.9
119,Bosch Global Software Technologies,IT Services & Consulting,"Work Life Balance, Company Culture, Job Security","Promotions / Appraisal, Salary & Benefits, Work Satisfaction",5.5k,3.7
120,Ashok Leyland,Automobile,"Work Life Balance, Skill Development / Learning, Company Culture",Promotions / Appraisal,5.5k,4.0
121,Swiggy,Internet,nan,"Promotions / Appraisal, Job Security",5.4k,3.7
122,Citicorp,Financial Services,Salary & Benefits,"Promotions / Appraisal, Work Satisfaction, Skill Development / Learning",5.4k,3.7
123,Hero MotoCorp,Automobile,"Work Life Balance, Company Culture, Work Satisfaction",Promotions / Appraisal,5.4k,4.1
124,CGI Group,IT Services & Consulting,"Company Culture, Work Life Balance, Job Security","Promotions / Appraisal, Salary & Benefits",5.3k,4.0
125,Cyient,IT Services & Consulting,nan,"Promotions / Appraisal, Salary & Benefits, Skill Development / Learning",5.3k,3.6
126,SBI Cards & Payment Services,Financial Services,nan,"Promotions / Appraisal, Work Satisfaction, Company Culture",5.2k,3.6
127,BNY,Financial Services,nan,"Promotions / Appraisal, Job Security, Work Satisfaction",5.2k,3.6
128,Kalpataru Projects International,Engineering & Construction,"Job Security, Skill Development / Learning, Salary & Benefits",nan,5.2k,4.2
129,IQVIA,Clinical Research,"Work Life Balance, Job Security","Promotions / Appraisal, Salary & Benefits",5.1k,3.7
130,JustDial,Internet,nan,"Promotions / Appraisal, Work Satisfaction, Job Security",5.1k,3.5
131,NTT DATA,IT Services & Consulting,Work Life Balance,Promotions / Appraisal,5.1k,3.8
132,Nagarjuna Construction Company,Engineering & Construction,"Job Security, Company Culture, Work Life Balance",nan,5.1k,4.0
133,SBI Life Insurance Company,Insurance,Job Security,"Promotions / Appraisal, Work Life Balance, Work Satisfaction",5k,3.7
134,Schneider Electric,Industrial Automation,"Company Culture, Work Life Balance, Job Security",Promotions / Appraisal,5k,4.1
135,TVS Motor,Automobile,"Job Security, Skill Development / Learning, Salary & Benefits",Promotions / Appraisal,5k,3.9
136,CBRE,Real Estate,"Company Culture, Work Life Balance, Job Security",nan,5k,4.1
137,Persistent Systems,IT Services & Consulting,nan,"Promotions / Appraisal, Job Security, Work Satisfaction",5k,3.6
138,vivo,Consumer Electronics & Appliances,"Skill Development / Learning, Company Culture, Work Life Balance",Promotions / Appraisal,4.9k,4.1
139,State Bank of India,Banking,"Job Security, Skill Development / Learning, Salary & Benefits",nan,4.9k,3.8
140,Atos,IT Services & Consulting,Work Life Balance,"Promotions / Appraisal, Salary & Benefits",4.9k,3.8
141,Ecom Express,Logistics,"Work Life Balance, Company Culture, Work Satisfaction",nan,4.8k,4.0
142,KEC International,Engineering & Construction,"Job Security, Salary & Benefits, Company Culture",Promotions / Appraisal,4.8k,4.0
143,Amdocs,Software Product,nan,"Promotions / Appraisal, Job Security, Work Satisfaction",4.8k,3.6
144,Eviden,IT Services & Consulting,Work Life Balance,"Promotions / Appraisal, Salary & Benefits, Job Security",4.8k,3.6
145,JBM Group,Auto Components,"Job Security, Skill Development / Learning",Promotions / Appraisal,4.8k,3.9
146,Varun Beverages,Beverage,"Job Security, Work Life Balance, Skill Development / Learning",Promotions / Appraisal,4.7k,4.0
147,ITC Infotech,IT Services & Consulting,"Work Life Balance, Job Security",Promotions / Appraisal,4.7k,3.7
148,Nagarro,IT Services & Consulting,"Company Culture, Work Life Balance",Promotions / Appraisal,4.7k,3.9
149,Bosch,Auto Components,"Work Life Balance, Company Culture, Skill Development / Learning",Promotions / Appraisal,4.6k,4.1
150,Randstad,Recruitment,nan,"Promotions / Appraisal, Job Security, Work Satisfaction",4.6k,3.7
151,EY Global Delivery Services ( EY GDS),IT Services & Consulting,Job Security,"Promotions / Appraisal, Work Satisfaction, Work Life Balance",4.6k,3.5
152,Utkarsh Small Finance Bank,Banking,nan,"Promotions / Appraisal, Company Culture, Work Satisfaction",4.6k,3.6
153,Hewlett Packard Enterprise,IT Services & Consulting,"Company Culture, Work Life Balance, Work Satisfaction",Promotions / Appraisal,4.6k,4.1
154,Home Credit Finance,NBFC,"Work Life Balance, Company Culture, Skill Development / Learning",Promotions / Appraisal,4.5k,4.0
155,Aditya Birla Fashion and Retail,Fashion & Textile,"Job Security, Skill Development / Learning, Company Culture",nan,4.5k,4.1
156,Mahindra Logistics,Logistics,nan,"Promotions / Appraisal, Salary & Benefits",4.5k,3.7
157,L&T Finance,NBFC,"Salary & Benefits, Job Security",Promotions / Appraisal,4.5k,3.9
158,Cars24,Internet,nan,"Job Security, Promotions / Appraisal, Company Culture",4.5k,3.4
159,Havells,Electrical Equipment,"Work Life Balance, Salary & Benefits",Promotions / Appraisal,4.5k,3.9
160,Dell,Consumer Electronics & Appliances,"Work Life Balance, Company Culture","Promotions / Appraisal, Job Security",4.5k,3.8
161,OPPO,Consumer Electronics & Appliances,Skill Development / Learning,"Promotions / Appraisal, Job Security",4.5k,3.9
162,Intas Pharmaceuticals,Pharma,"Job Security, Salary & Benefits, Work Life Balance",nan,4.5k,4.1
163,R1 RCM,BPO,Job Security,Promotions / Appraisal,4.4k,3.8
164,Tata AIA Life Insurance,Insurance,"Job Security, Skill Development / Learning, Salary & Benefits",nan,4.4k,3.9
165,Hyundai Motor India Limited,Automobile,"Job Security, Skill Development / Learning, Salary & Benefits",nan,4.4k,4.1
166,Hetero,Pharma,"Job Security, Work Life Balance",Promotions / Appraisal,4.4k,3.9
167,Deutsche Bank,Banking,"Work Life Balance, Job Security, Company Culture",Promotions / Appraisal,4.4k,3.8
168,Motilal Oswal Financial Services,Financial Services,Skill Development / Learning,"Promotions / Appraisal, Work Life Balance, Work Satisfaction",4.3k,3.7
169,Berger Paints,Chemicals,nan,"Promotions / Appraisal, Company Culture, Work Life Balance",4.3k,3.7
170,TeamLease Services,Recruitment,Work Life Balance,Promotions / Appraisal,4.3k,3.9
171,Lenskart,Internet,nan,"Promotions / Appraisal, Company Culture, Work Life Balance",4.2k,3.3
172,VE Commercial Vehicles,Automobile,"Job Security, Skill Development / Learning","Promotions / Appraisal, Salary & Benefits",4.2k,3.9
173,Thermax Limited,Industrial Machinery,"Job Security, Company Culture, Skill Development / Learning",nan,4.2k,4.2
174,Bajaj Auto,Automobile,nan,Promotions / Appraisal,4.2k,3.8
175,Macleods Pharmaceuticals,Pharma,Job Security,"Promotions / Appraisal, Company Culture",4.1k,3.7
176,Aakash Educational Services,Education & Training,nan,"Promotions / Appraisal, Work Life Balance, Job Security",4.1k,3.2
177,Jubilant Foods Works,Hospitality,nan,Promotions / Appraisal,4.1k,3.7
178,Kogta Financial India Limited,NBFC,"Company Culture, Work Life Balance, Work Satisfaction",nan,4.1k,4.7
179,LG Electronics,Consumer Electronics & Appliances,"Job Security, Skill Development / Learning",Promotions / Appraisal,4.1k,3.9
180,Hindalco Industries,Metals & Mining,"Job Security, Work Life Balance, Skill Development / Learning",nan,4.1k,4.2
181,Jindal Steel Limited,Iron & Steel,Skill Development / Learning,Promotions / Appraisal,4k,3.9
182,Royal Enfield,Automobile,"Work Life Balance, Skill Development / Learning, Company Culture",Promotions / Appraisal,4k,4.2
183,State Street Corporation,Financial Services,nan,"Promotions / Appraisal, Salary & Benefits, Company Culture",4k,3.5
184,DCB Bank,Banking,Work Life Balance,Promotions / Appraisal,4k,3.8
185,HDFC Ergo General Insurance,Insurance,"Company Culture, Work Life Balance, Job Security",Promotions / Appraisal,4k,4.0
186,Tata Communications,Telecom,"Work Life Balance, Company Culture, Job Security","Promotions / Appraisal, Salary & Benefits",4k,3.9
187,John Deere,Industrial Machinery,"Company Culture, Work Life Balance, Skill Development / Learning",Promotions / Appraisal,4k,4.0
188,RBL Bank,Banking,nan,"Promotions / Appraisal, Company Culture, Work Satisfaction",4k,3.5
189,Cummins,Industrial Machinery,"Company Culture, Work Life Balance, Work Satisfaction",nan,3.9k,4.3
190,Bank of America,Banking,"Job Security, Work Life Balance, Company Culture",Promotions / Appraisal,3.9k,4.1
191,Alembic Pharmaceuticals,Pharma,"Salary & Benefits, Work Life Balance",nan,3.9k,3.9
192,Oyo Rooms,Internet,nan,"Job Security, Work Satisfaction, Promotions / Appraisal",3.9k,3.0
193,Pidilite Industries,Chemicals,"Job Security, Work Life Balance, Company Culture",Promotions / Appraisal,3.9k,4.2
194,Publicis Sapient,IT Services & Consulting,nan,"Promotions / Appraisal, Job Security, Work Satisfaction",3.9k,3.3
195,Carelon Global Solutions,IT Services & Consulting,"Company Culture, Work Life Balance, Job Security",Promotions / Appraisal,4.1k,3.9
196,Subros,Auto Components,"Job Security, Skill Development / Learning, Company Culture","Salary & Benefits, Promotions / Appraisal",3.8k,3.8
197,Reliance Communications,Telecom,"Skill Development / Learning, Company Culture, Work Life Balance",Promotions / Appraisal,3.8k,4.0
198,American Express,Financial Services,"Company Culture, Work Life Balance, Job Security",Promotions / Appraisal,3.8k,4.1
199,XpressBees,Logistics,"Work Life Balance, Company Culture, Work Satisfaction",nan,3.8k,4.2
200,Altruist Technologies,BPO,"Company Culture, Work Life Balance, Work Satisfaction",nan,3.8k,4.4
201,Aditya Birla Sun Life Insurance,Insurance,"Work Life Balance, Company Culture, Job Security",nan,3.8k,4.0
202,Grasim Industries,Building Material,"Job Security, Skill Development / Learning, Company Culture",Promotions / Appraisal,3.8k,4.0
203,Viatris,Pharma,"Salary & Benefits, Job Security, Work Life Balance",nan,3.8k,4.1
204,Kyndryl,IT Services & Consulting,"Work Life Balance, Company Culture, Skill Development / Learning",Promotions / Appraisal,3.8k,4.0
205,Automatic Data Processing (ADP),Software Product,"Job Security, Company Culture, Work Life Balance","Promotions / Appraisal, Salary & Benefits",3.8k,3.9
206,PNB MetLife,Insurance,nan,"Job Security, Company Culture, Work Satisfaction",3.7k,3.3
207,PVR INOX,Media & Entertainment,Job Security,Promotions / Appraisal,3.7k,3.9
208,Aditya Birla Capital,NBFC,"Work Life Balance, Salary & Benefits",Promotions / Appraisal,3.7k,3.8
209,Escorts Kubota Limited,Automobile,"Work Life Balance, Company Culture, Skill Development / Learning",Promotions / Appraisal,3.7k,4.1
210,Maersk,Logistics,"Company Culture, Work Life Balance, Salary & Benefits",Promotions / Appraisal,3.7k,4.0
211,Synechron,IT Services & Consulting,nan,"Job Security, Promotions / Appraisal, Work Satisfaction",3.7k,3.4
212,KPIT Technologies,Software Product,nan,"Promotions / Appraisal, Job Security, Work Satisfaction",3.7k,2.9
213,Birlasoft,IT Services & Consulting,nan,"Promotions / Appraisal, Salary & Benefits, Work Satisfaction",3.7k,3.5
214,Glenmark Pharmaceuticals,Pharma,nan,Promotions / Appraisal,3.6k,3.8
215,JK Cement,Building Material,Salary & Benefits,Promotions / Appraisal,3.6k,4.0
216,Sodexo,Facility Management Services,"Work Life Balance, Company Culture, Skill Development / Learning",Promotions / Appraisal,3.6k,4.0
217,Dabur,FMCG,Salary & Benefits,Promotions / Appraisal,3.6k,3.8
218,Godrej & Boyce Manufacturing,Consumer Electronics & Appliances,Job Security,Promotions / Appraisal,3.6k,3.9
219,Kotak Mahindra Life Insurance Company,Insurance,nan,"Promotions / Appraisal, Work Satisfaction, Salary & Benefits",3.6k,3.5
220,Bharat Electronics,Electronics Manufacturing,"Work Life Balance, Company Culture, Work Satisfaction",nan,3.6k,4.2
221,Cogent E Services,BPO,nan,"Company Culture, Work Satisfaction, Promotions / Appraisal",3.6k,3.2
222,Samvardhana Motherson Group,Auto Components,Job Security,"Promotions / Appraisal, Company Culture, Work Satisfaction",3.6k,3.7
223,Abbott,Pharma,"Work Life Balance, Skill Development / Learning, Salary & Benefits",Promotions / Appraisal,3.6k,4.1
224,Ipca Laboratories,Pharma,"Job Security, Work Life Balance","Promotions / Appraisal, Salary & Benefits",3.6k,3.8
225,Aarti Industries,Agro Chemicals,"Job Security, Work Life Balance, Company Culture",nan,3.6k,4.1
226,Cloudnine Hospital,Healthcare,"Skill Development / Learning, Company Culture, Work Life Balance",nan,3.6k,4.4
227,Reliance Projects & Property Management Services,Other,"Work Life Balance, Job Security, Skill Development / Learning",Promotions / Appraisal,3.5k,4.0
228,PhonePe,FinTech,"Salary & Benefits, Company Culture, Work Life Balance",nan,3.5k,4.0
229,Indian Oil Corporation,Oil & Gas,"Company Culture, Work Life Balance, Work Satisfaction",nan,3.5k,4.3
230,Reliance Digital,Retail,"Skill Development / Learning, Job Security, Company Culture",nan,3.5k,4.2
231,MRF Tyres,Auto Components,nan,"Company Culture, Work Satisfaction, Work Life Balance",3.5k,3.6
232,Alkem Laboratories,Pharma,Salary & Benefits,Promotions / Appraisal,3.5k,3.9
233,Johnson Controls,Industrial Automation,nan,"Promotions / Appraisal, Work Satisfaction, Job Security",3.5k,3.5
234,IGT Solutions,BPO,nan,"Promotions / Appraisal, Salary & Benefits, Work Satisfaction",3.5k,3.2
235,"NTT DATA, Inc.",IT Services & Consulting,"Work Life Balance, Company Culture, Job Security",Promotions / Appraisal,3.5k,3.9
236,UNO Minda,Auto Components,"Job Security, Company Culture, Skill Development / Learning",Promotions / Appraisal,3.5k,4.0
237,Honda Motorcycle & Scooter,Automobile,"Job Security, Company Culture, Work Life Balance",Promotions / Appraisal,3.4k,4.1
238,ArcelorMittal Nippon Steel,Iron & Steel,"Job Security, Work Life Balance, Company Culture",nan,3.4k,4.1
239,[24]7.ai,Software Product,nan,"Promotions / Appraisal, Salary & Benefits, Work Satisfaction",3.4k,3.4
240,Blinkit,Internet,Salary & Benefits,"Promotions / Appraisal, Job Security",3.4k,3.8
241,Vishal Mega Mart,Retail,Salary & Benefits,nan,3.4k,3.8
242,Hindustan Coca Cola Beverages,Beverage,"Skill Development / Learning, Salary & Benefits, Company Culture",Promotions / Appraisal,3.4k,4.0
243,UBS,Financial Services,"Work Life Balance, Company Culture","Promotions / Appraisal, Job Security",3.4k,3.8
244,DTDC Express,Logistics,nan,"Promotions / Appraisal, Salary & Benefits",3.4k,3.7
245,IndusInd Nippon Life Insurance,Mumbai +487 other locations,nan,"Job Security, Company Culture, Work Satisfaction",3.4k,3.4
246,Bajaj General Insurance Limited,Insurance,nan,"Promotions / Appraisal, Work Life Balance, Work Satisfaction",3.4k,3.7
247,Ford Motor,Automobile,"Company Culture, Work Life Balance, Salary & Benefits",Promotions / Appraisal,3.3k,4.2
248,Ceat Tyres,Auto Components,"Job Security, Company Culture, Skill Development / Learning","Promotions / Appraisal, Salary & Benefits",3.3k,3.9
249,ABB,Industrial Machinery,"Job Security, Company Culture, Work Life Balance",Promotions / Appraisal,3.3k,4.1
250,Barclays,Banking,Work Life Balance,"Promotions / Appraisal, Skill Development / Learning, Work Satisfaction",3.3k,3.7
251,HARMAN,Consumer Electronics & Appliances,Work Life Balance,Promotions / Appraisal,3.3k,3.8
252,RSPL Group,FMCG,"Job Security, Work Life Balance, Company Culture",Promotions / Appraisal,3.3k,4.0
253,AGS Health,Analytics & KPO,"Company Culture, Work Life Balance, Job Security",Promotions / Appraisal,3.3k,4.0
254,NatWest Group,Banking,"Work Life Balance, Job Security, Company Culture","Promotions / Appraisal, Salary & Benefits",3.3k,4.0
255,TVS Credit Services Ltd,NBFC,"Salary & Benefits, Company Culture, Work Life Balance",nan,3.3k,4.2
256,Niva Bupa Health Insurance Company,Insurance,"Company Culture, Work Life Balance, Job Security",nan,3.3k,4.1
257,Croma,Retail,"Work Life Balance, Job Security, Skill Development / Learning",Promotions / Appraisal,3.2k,3.8
258,InterGlobe Aviation,Aviation,nan,"Salary & Benefits, Promotions / Appraisal, Work Life Balance",3.2k,3.5
259,Alstom Transportation,Engineering & Construction,Job Security,"Promotions / Appraisal, Work Satisfaction",3.2k,3.7
260,Conduent,BPO,nan,"Promotions / Appraisal, Salary & Benefits, Skill Development / Learning",3.2k,3.4
261,Indian Air Force,Defence & Aerospace,"Job Security, Skill Development / Learning, Salary & Benefits",nan,3.2k,4.6
262,Tata Technologies,Engineering & Construction,nan,"Promotions / Appraisal, Salary & Benefits, Work Satisfaction",3.2k,3.4
263,Tata AIG,Insurance,"Job Security, Company Culture, Work Life Balance",Promotions / Appraisal,3.2k,4.0
264,GeBBS Healthcare Solutions,BPO,Job Security,"Promotions / Appraisal, Salary & Benefits",3.2k,3.7
265,Allcargo Logistics,Logistics,nan,Promotions / Appraisal,3.2k,3.8
266,UPL,Agro Chemicals,"Job Security, Company Culture, Work Life Balance",nan,3.1k,4.1
267,Marpu Foundation,Non-Profit,"Company Culture, Work Life Balance, Work Satisfaction",nan,3.1k,4.9
268,Max Healthcare,Healthcare,"Job Security, Skill Development / Learning, Company Culture",Promotions / Appraisal,3.1k,3.9
269,PepsiCo,Food Processing,"Company Culture, Work Life Balance, Work Satisfaction",Promotions / Appraisal,3.1k,4.0
270,Amazon Transportation Services,Logistics,"Company Culture, Skill Development / Learning, Salary & Benefits",nan,3.1k,4.2
271,Titan Company,Retail,"Company Culture, Job Security, Work Life Balance",Promotions / Appraisal,3.1k,4.2
272,Dilip Buildcon,Engineering & Construction,Salary & Benefits,"Promotions / Appraisal, Job Security",3.1k,3.9
273,Walmart,Retail,nan,"Promotions / Appraisal, Work Satisfaction, Job Security",3.1k,3.5
274,Mankind Pharma,Pharma,Salary & Benefits,nan,3.1k,3.8
275,Varroc Group,Auto Components,nan,"Promotions / Appraisal, Job Security, Company Culture",3.1k,3.6
276,Jindal Stainless,Iron & Steel,"Job Security, Work Life Balance, Skill Development / Learning",nan,3.1k,4.2
277,S&P Global,Analytics & KPO,"Company Culture, Work Life Balance",Promotions / Appraisal,3k,4.0
278,MSN Laboratories,Pharma,Job Security,"Company Culture, Work Life Balance, Work Satisfaction",3k,3.6
279,Future Group,Retail,"Skill Development / Learning, Company Culture, Work Life Balance",nan,3k,4.2
280,Quest Global,IT Services & Consulting,nan,"Promotions / Appraisal, Salary & Benefits, Work Satisfaction",3k,3.5
281,Societe Generale Global Solution Centre,IT Services & Consulting,"Work Life Balance, Job Security","Promotions / Appraisal, Salary & Benefits, Work Satisfaction",3k,3.6
282,Afcons Infrastructure,Engineering & Construction,"Job Security, Skill Development / Learning, Company Culture",nan,3k,4.2
283,Sagility,BPO,"Job Security, Company Culture, Work Life Balance","Salary & Benefits, Promotions / Appraisal",3k,3.9
284,Torrent Pharmaceuticals,Pharma,"Job Security, Work Life Balance, Company Culture","Promotions / Appraisal, Salary & Benefits",3k,4.0
285,IDFC FIRST Bharat,Financial Services,"Salary & Benefits, Company Culture, Work Life Balance",nan,3k,4.2
286,Square Yards,Internet,nan,"Job Security, Work Life Balance, Work Satisfaction",3k,3.6
287,HDFC Sales,Financial Services,"Skill Development / Learning, Company Culture, Work Life Balance","Promotions / Appraisal, Salary & Benefits",3k,3.9
288,CMS IT Services,IT Services & Consulting,nan,"Promotions / Appraisal, Salary & Benefits, Company Culture",3k,3.1
289,ESAF Small Finance Bank,Banking,nan,"Promotions / Appraisal, Work Satisfaction, Company Culture",3k,3.6
290,Ola Electric Mobility,Automobile,Salary & Benefits,"Job Security, Promotions / Appraisal, Company Culture",2.9k,3.4
291,Zensar Technologies,IT Services & Consulting,Work Life Balance,"Promotions / Appraisal, Job Security, Salary & Benefits",2.9k,3.7
292,I Process Services,Recruitment,"Company Culture, Work Life Balance","Promotions / Appraisal, Salary & Benefits",2.9k,3.8
293,ACC,Building Material,nan,Promotions / Appraisal,2.9k,3.9
294,DS Group,FMCG,"Work Life Balance, Company Culture, Job Security",Promotions / Appraisal,2.9k,4.1
295,Suzlon Group,Power,"Job Security, Skill Development / Learning, Company Culture","Promotions / Appraisal, Salary & Benefits",2.9k,4.0
296,Tata Elxsi,IT Services & Consulting,nan,"Promotions / Appraisal, Salary & Benefits, Work Satisfaction",2.9k,3.5
297,Eternal Limited,Internet,Salary & Benefits,"Job Security, Promotions / Appraisal, Work Life Balance",2.9k,3.7
298,Fujitsu,IT Services & Consulting,"Work Life Balance, Company Culture",Promotions / Appraisal,2.9k,3.8
299,Bharat Financial Inclusion,Financial Services,Salary & Benefits,"Promotions / Appraisal, Work Satisfaction",2.9k,3.7
300,Shoppers Stop,Retail,"Company Culture, Work Life Balance, Job Security",Promotions / Appraisal,2.9k,4.0
301,VVDN Technologies,IT Services & Consulting,nan,"Promotions / Appraisal, Salary & Benefits, Company Culture",2.9k,3.6
302,Indus Towers,Telecom,nan,"Promotions / Appraisal, Job Security, Work Life Balance",2.9k,3.6
303,Nokia,Telecom,"Work Life Balance, Company Culture, Work Satisfaction",Promotions / Appraisal,2.9k,4.0
304,Apollo Tyres,Auto Components,"Company Culture, Work Life Balance, Job Security",Promotions / Appraisal,2.9k,4.0
305,Yazaki,Auto Components,"Job Security, Work Life Balance, Skill Development / Learning",Promotions / Appraisal,2.8k,3.9
306,IKS Health,Healthcare,nan,"Promotions / Appraisal, Salary & Benefits, Work Satisfaction",2.8k,3.6
307,Fiserv,FinTech,nan,"Promotions / Appraisal, Company Culture, Work Satisfaction",2.8k,2.9
308,Shree Cement,Building Material,nan,"Promotions / Appraisal, Job Security",2.8k,3.8
309,UnitedHealth,Healthcare,"Job Security, Work Life Balance, Company Culture","Promotions / Appraisal, Salary & Benefits",2.8k,4.0
310,Britannia,FMCG,"Job Security, Skill Development / Learning",Promotions / Appraisal,2.8k,4.0
311,Landmark Group,Retail,Job Security,Promotions / Appraisal,2.8k,3.8
312,SRF,Chemicals,"Job Security, Skill Development / Learning, Salary & Benefits",Promotions / Appraisal,2.7k,4.1
313,Dalmia Bharat Cement,Building Material,"Job Security, Salary & Benefits",Promotions / Appraisal,2.7k,3.9
314,Zepto,Internet,nan,"Job Security, Company Culture, Work Life Balance",2.7k,3.5
315,Blue Dart Express Ltd,Logistics,"Job Security, Company Culture",Promotions / Appraisal,2.7k,3.9
316,Kansai Nerolac Paints,Chemicals,nan,Promotions / Appraisal,2.7k,3.8
317,Exide Industries,Auto Components,nan,"Promotions / Appraisal, Company Culture, Work Satisfaction",2.7k,3.4
318,Tata Electronics,Semiconductors,Job Security,"Promotions / Appraisal, Salary & Benefits",2.7k,3.9
319,Nestlé,FMCG,Salary & Benefits,"Promotions / Appraisal, Work Life Balance",2.7k,3.8
320,Shell,Oil & Gas,"Work Life Balance, Company Culture, Salary & Benefits","Promotions / Appraisal, Job Security",2.7k,3.9
321,Whitehat jr,EdTech,nan,"Job Security, Promotions / Appraisal, Company Culture",2.7k,3.3
322,KPMG Global Services,Management Consulting,nan,"Promotions / Appraisal, Work Satisfaction, Salary & Benefits",2.7k,3.5
323,ZS,Management Consulting,nan,"Work Life Balance, Work Satisfaction, Promotions / Appraisal",2.7k,3.1
324,Flex,Electronics Manufacturing,"Company Culture, Work Life Balance, Work Satisfaction",Promotions / Appraisal,2.7k,3.9
325,Micro Labs,Pharma,Job Security,"Promotions / Appraisal, Salary & Benefits, Company Culture",2.7k,3.6
326,Star Health & Allied Insurance,Insurance,nan,"Promotions / Appraisal, Company Culture, Work Satisfaction",2.7k,3.5
327,TVS Supply Chain Solutions,Logistics,nan,"Promotions / Appraisal, Salary & Benefits",2.6k,3.8
328,Capita,BPO,nan,"Promotions / Appraisal, Salary & Benefits, Job Security",2.6k,3.5
329,ElasticRun,Logistics,Salary & Benefits,"Job Security, Promotions / Appraisal, Work Satisfaction",2.6k,3.6
330,KFintech,Financial Services,nan,"Promotions / Appraisal, Salary & Benefits, Skill Development / Learning",2.6k,3.4
331,G4S,Law Enforcement & Security,"Work Life Balance, Salary & Benefits, Company Culture",Promotions / Appraisal,2.6k,4.0
332,Voltas,Consumer Electronics & Appliances,"Job Security, Work Life Balance, Company Culture",Promotions / Appraisal,2.6k,4.0
333,Sonalika Tractors,Automobile,nan,"Promotions / Appraisal, Company Culture, Work Life Balance",2.6k,3.6
334,Ajanta Pharma,Pharma,Job Security,Promotions / Appraisal,2.6k,3.9
335,Blue Star,Consumer Electronics & Appliances,"Company Culture, Skill Development / Learning, Salary & Benefits",Promotions / Appraisal,2.6k,4.1
336,BlackBuck,Internet,nan,"Job Security, Promotions / Appraisal",2.6k,3.7
337,Exl India,Logistics,Job Security,"Promotions / Appraisal, Salary & Benefits, Skill Development / Learning",2.6k,3.6
338,Care Health Insurance,Insurance,nan,"Promotions / Appraisal, Company Culture, Work Satisfaction",2.6k,3.6
339,Domino's Pizza,Hospitality,"Skill Development / Learning, Salary & Benefits",nan,2.6k,3.9
340,Movate,IT Services & Consulting,nan,"Promotions / Appraisal, Salary & Benefits, Company Culture",2.6k,3.1
341,NoBroker,Internet,nan,"Promotions / Appraisal, Work Satisfaction, Job Security",2.6k,3.0
342,Fortis Healthcare,Healthcare,"Job Security, Company Culture, Work Life Balance",nan,2.5k,4.0
343,Adani Power,Power,nan,Promotions / Appraisal,2.5k,3.7
344,Gallagher,Insurance,"Work Life Balance, Job Security, Company Culture","Promotions / Appraisal, Salary & Benefits",2.5k,3.7
345,Himalaya Wellness,Pharma,"Work Life Balance, Company Culture",Promotions / Appraisal,2.5k,4.0
346,ACT Fibernet,Telecom,"Company Culture, Job Security",Promotions / Appraisal,2.5k,3.9
347,DBS Bank,Banking,Salary & Benefits,"Promotions / Appraisal, Work Satisfaction",2.5k,3.7
348,Sahrudaya Healthcare (Medicover Hospitals),Healthcare,"Company Culture, Work Life Balance, Work Satisfaction",nan,2.5k,4.4
349,Foxconn,Electronics Manufacturing,Job Security,Promotions / Appraisal,2.5k,3.9
350,Physicswallah,EdTech,nan,"Promotions / Appraisal, Job Security, Work Satisfaction",2.5k,3.6
351,Foundever,BPO,nan,"Promotions / Appraisal, Salary & Benefits, Work Satisfaction",2.5k,3.4
352,Tata Advanced Systems,Defence & Aerospace,Job Security,"Promotions / Appraisal, Salary & Benefits",2.5k,3.7
353,Bajaj Electricals,Consumer Electronics & Appliances,"Work Life Balance, Salary & Benefits",Promotions / Appraisal,2.5k,3.9
354,Sterlite Technologies,Hardware & Networking,nan,"Promotions / Appraisal, Job Security",2.5k,3.8
355,BT Group,Telecom,"Work Life Balance, Company Culture","Promotions / Appraisal, Skill Development / Learning, Salary & Benefits",2.5k,3.8
356,Photon Interactive,IT Services & Consulting,"Skill Development / Learning, Salary & Benefits, Company Culture",nan,2.5k,4.1
357,Alldigi Tech,BPO,"Work Life Balance, Job Security",Promotions / Appraisal,2.5k,3.9
358,V-Mart,Retail,"Job Security, Skill Development / Learning, Work Life Balance",nan,2.5k,4.1
359,Sammaan Capital Limited,NBFC,Work Life Balance,Promotions / Appraisal,2.5k,3.8
360,Tractors and Farm Equipment,Industrial Machinery,"Work Life Balance, Skill Development / Learning",Promotions / Appraisal,2.5k,3.9
361,IntouchCX,BPO,nan,"Promotions / Appraisal, Job Security, Company Culture",2.5k,2.7
362,Northern Trust Operating Services,Financial Services,nan,"Promotions / Appraisal, Work Satisfaction, Salary & Benefits",2.5k,3.6
363,Laurus Labs,Pharma,"Job Security, Salary & Benefits, Company Culture",nan,2.5k,4.3
364,JCB,Industrial Machinery,"Work Life Balance, Salary & Benefits",Promotions / Appraisal,2.5k,3.9
365,Parle Agro,Beverage,"Work Life Balance, Job Security",Promotions / Appraisal,2.5k,3.9
366,Planet Spark,EdTech,"Skill Development / Learning, Company Culture, Work Life Balance",nan,2.4k,3.9
367,Patanjali Ayurved,FMCG,Work Life Balance,Promotions / Appraisal,2.4k,3.9
368,McDonald's,Hospitality,"Skill Development / Learning, Job Security",Salary & Benefits,2.4k,3.8
369,Canara HSBC Life Insurance,Insurance,nan,"Company Culture, Work Satisfaction, Job Security",2.4k,3.6
370,Paras Hospital,Healthcare,"Skill Development / Learning, Work Life Balance, Salary & Benefits",nan,2.4k,4.1
371,Statestreet HCL Services,BPO,nan,"Promotions / Appraisal, Salary & Benefits, Company Culture",2.4k,3.4
372,ICICI Securities,Financial Services,"Job Security, Work Life Balance, Company Culture",nan,2.4k,3.9
373,Emcure Pharmaceuticals,Pharma,nan,"Job Security, Promotions / Appraisal, Company Culture",2.4k,3.6
374,Hero FinCorp,NBFC,"Work Life Balance, Company Culture",Promotions / Appraisal,2.4k,3.9
375,Mahindra Rural Housing Finance,NBFC,"Work Life Balance, Company Culture",Promotions / Appraisal,2.4k,4.0
376,Biocon Limited,Biotechnology,"Work Life Balance, Job Security, Company Culture",Promotions / Appraisal,2.4k,4.0
377,Intellect Design Arena,Software Product,Job Security,"Promotions / Appraisal, Company Culture, Work Life Balance",2.4k,3.6
378,Mahindra Holidays & Resorts,Hospitality,nan,"Promotions / Appraisal, Work Life Balance, Work Satisfaction",2.4k,3.5
379,Datamatics Global Services,IT Services & Consulting,nan,"Promotions / Appraisal, Salary & Benefits, Company Culture",2.4k,3.4
380,Adani Group,Power,Salary & Benefits,Promotions / Appraisal,2.4k,3.8
381,CorroHealth Infotech,Analytics & KPO,Salary & Benefits,"Work Life Balance, Work Satisfaction, Job Security",2.4k,3.6
382,Axis Direct,Financial Services,nan,"Promotions / Appraisal, Company Culture, Work Satisfaction",2.4k,3.6
383,Taj Hotels Resorts and Palaces,Hospitality,"Job Security, Company Culture, Skill Development / Learning",nan,2.4k,4.2
384,3i Infotech,IT Services & Consulting,nan,"Promotions / Appraisal, Salary & Benefits, Skill Development / Learning",2.3k,3.4
385,Capgemini Engineering,IT Services & Consulting,nan,"Promotions / Appraisal, Salary & Benefits, Work Satisfaction",2.3k,3.4
386,Cholamandalam MS General Insurance,Insurance,nan,"Promotions / Appraisal, Work Satisfaction",2.3k,3.7
387,Cadila Pharmaceuticals,Pharma,nan,"Job Security, Promotions / Appraisal, Company Culture",2.3k,3.3
388,Aditya Birla Group,Metals & Mining,"Job Security, Work Life Balance, Skill Development / Learning",nan,2.3k,4.1
389,Info Edge,Internet,"Job Security, Company Culture, Work Life Balance",Promotions / Appraisal,2.3k,3.9
390,Syngene International,Clinical Research,"Work Life Balance, Job Security, Company Culture","Promotions / Appraisal, Salary & Benefits",2.3k,3.8
391,KocharTech,IT Services & Consulting,nan,"Promotions / Appraisal, Work Satisfaction, Salary & Benefits",2.3k,3.6
392,Bureau Veritas,Other,Work Life Balance,Promotions / Appraisal,2.3k,3.8
393,Delhi Public School,Education & Training,Skill Development / Learning,Promotions / Appraisal,2.3k,3.8
394,Cybage,IT Services & Consulting,"Work Life Balance, Company Culture, Job Security","Promotions / Appraisal, Work Satisfaction, Skill Development / Learning",2.3k,3.8
395,Aavas Financiers,NBFC,Skill Development / Learning,nan,2.3k,3.9
396,RMSI,IT Services & Consulting,nan,"Promotions / Appraisal, Salary & Benefits, Skill Development / Learning",2.3k,3.6
397,Xoriant,IT Services & Consulting,"Work Life Balance, Company Culture, Work Satisfaction",nan,2.3k,4.1
398,Lifestyle,Retail,"Company Culture, Work Life Balance, Job Security",nan,2.3k,4.2
399,TaskUs,BPO,nan,"Promotions / Appraisal, Job Security, Skill Development / Learning",2.3k,3.1
400,Akums Drugs & Pharmaceuticals Limited,Pharma,"Job Security, Company Culture, Work Life Balance",nan,2.3k,4.2
401,Sopra Steria,IT Services & Consulting,"Work Life Balance, Job Security, Company Culture",Promotions / Appraisal,2.3k,3.9
402,Straive,IT Services & Consulting,nan,"Promotions / Appraisal, Salary & Benefits, Skill Development / Learning",2.3k,3.3
403,Kia India,Automobile,"Job Security, Company Culture, Skill Development / Learning",Promotions / Appraisal,2.3k,4.0
404,GVK Emergency Management and Research Institute,Non-Profit,nan,"Promotions / Appraisal, Job Security, Salary & Benefits",2.3k,3.6
405,Eureka Forbes,Consumer Electronics & Appliances,nan,"Promotions / Appraisal, Job Security, Company Culture",2.3k,3.7
406,Sobha,Real Estate,Job Security,"Promotions / Appraisal, Work Life Balance, Salary & Benefits",2.3k,3.8
407,Apollo Pharmacy,Pharma,Job Security,"Promotions / Appraisal, Salary & Benefits, Work Satisfaction",2.2k,3.7
408,Unacademy,EdTech,nan,"Job Security, Promotions / Appraisal, Work Life Balance",2.2k,2.9
409,Lodha,Real Estate,"Company Culture, Work Life Balance, Job Security",nan,2.2k,4.1
410,Radisson Hotels,Hospitality,"Job Security, Skill Development / Learning, Company Culture",nan,2.2k,4.0
411,Myntra,Internet,"Company Culture, Work Life Balance, Skill Development / Learning",Promotions / Appraisal,2.2k,3.9
412,Endurance Technologies Limited,Auto Components,"Skill Development / Learning, Job Security",Promotions / Appraisal,2.2k,3.9
413,Team Computers,IT Services & Consulting,nan,"Promotions / Appraisal, Work Satisfaction, Salary & Benefits",2.2k,3.6
414,SBI Securities,Financial Services,nan,"Promotions / Appraisal, Company Culture, Work Satisfaction",2.2k,3.6
415,TCE,Engineering & Construction,"Work Life Balance, Job Security",Promotions / Appraisal,2.2k,3.8
416,Panasonic Life Solutions India,Consumer Electronics & Appliances,"Work Life Balance, Job Security, Company Culture",Promotions / Appraisal,2.2k,3.9
417,Lava International,Consumer Electronics & Appliances,"Company Culture, Work Life Balance, Skill Development / Learning",Promotions / Appraisal,2.2k,3.9
418,AWL Agri Business,FMCG,"Job Security, Skill Development / Learning, Company Culture",nan,2.2k,4.0
419,Star Union Dai-ichi Life Insurance,Insurance,nan,nan,2.2k,3.8
420,Whirlpool,Consumer Electronics & Appliances,"Work Life Balance, Company Culture, Work Satisfaction",Promotions / Appraisal,2.2k,4.0
421,Daikin Airconditioning India Pvt. Ltd.,Consumer Electronics & Appliances,"Job Security, Company Culture, Work Life Balance",Promotions / Appraisal,2.2k,4.2
422,Cisco,Hardware & Networking,"Work Life Balance, Company Culture, Work Satisfaction",Promotions / Appraisal,2.2k,4.1
423,Bharti AXA Life Insurance,Insurance,nan,"Job Security, Work Satisfaction, Promotions / Appraisal",2.2k,3.6
424,Indian Railways,Railways,"Job Security, Work Life Balance, Skill Development / Learning",nan,2.2k,4.2
425,SBI General Insurance,Insurance,nan,"Promotions / Appraisal, Work Satisfaction, Company Culture",2.2k,3.6
426,GAO Tek,Electrical Equipment,"Skill Development / Learning, Work Life Balance, Company Culture",Salary & Benefits,2.2k,4.5
427,Newgen Software Technologies,IT Services & Consulting,"Job Security, Salary & Benefits, Company Culture",nan,2.2k,4.0
428,GlaxoSmithKline Pharmaceuticals,Pharma,"Company Culture, Work Life Balance, Salary & Benefits",Promotions / Appraisal,2.2k,4.0
429,BNP Paribas,Banking,"Job Security, Work Life Balance","Promotions / Appraisal, Salary & Benefits, Skill Development / Learning",2.2k,3.7
430,Coromandel International,Agro Chemicals,"Job Security, Company Culture, Work Life Balance",Promotions / Appraisal,2.2k,4.1
431,Nokia Networks,Hardware & Networking,"Company Culture, Work Life Balance, Work Satisfaction",Promotions / Appraisal,2.1k,4.1
432,Renault Nissan Technology & Business Centre India,Automobile,"Work Life Balance, Job Security","Promotions / Appraisal, Salary & Benefits",2.1k,3.8
433,Shahi Exports,Fashion & Textile,"Job Security, Company Culture, Work Life Balance",Promotions / Appraisal,2.1k,3.9
434,Meesho,Internet,Salary & Benefits,"Job Security, Promotions / Appraisal",2.1k,3.7
435,Sify Technologies,IT Services & Consulting,nan,"Promotions / Appraisal, Company Culture, Salary & Benefits",2.1k,3.6
436,Allstate,Insurance,Work Life Balance,"Promotions / Appraisal, Work Satisfaction, Job Security",2.1k,3.6
437,Ambuja Cements,Building Material,nan,"Promotions / Appraisal, Job Security",2.1k,3.8
438,ValueLabs,IT Services & Consulting,nan,"Promotions / Appraisal, Work Satisfaction, Job Security",2.1k,3.5
439,Microsoft Corporation,Software Product,"Work Life Balance, Company Culture","Job Security, Promotions / Appraisal",2.1k,3.8
440,Bank of Baroda,Banking,Job Security,"Promotions / Appraisal, Company Culture, Work Satisfaction",2.1k,3.5
441,Life Insurance Corporation of India,Insurance,"Work Life Balance, Company Culture, Skill Development / Learning",nan,2.1k,4.4
442,Huawei Technologies,Telecom,"Salary & Benefits, Skill Development / Learning",Job Security,2.1k,4.0
443,Brakes India,Auto Components,"Job Security, Skill Development / Learning, Company Culture","Promotions / Appraisal, Salary & Benefits",2.1k,3.9
444,BHEL,Electrical Equipment,"Job Security, Work Life Balance, Company Culture",nan,2.1k,4.2
445,Cargill,Food Processing,"Work Life Balance, Company Culture, Salary & Benefits",Promotions / Appraisal,2.1k,3.9
446,Spark Minda,Auto Components,nan,Promotions / Appraisal,2.1k,3.8
447,Simplex Infrastructures,Engineering & Construction,nan,"Promotions / Appraisal, Salary & Benefits, Work Life Balance",2.1k,3.4
448,upGrad,EdTech,nan,"Job Security, Promotions / Appraisal, Work Satisfaction",2.1k,3.4
449,CAMS,Financial Services,Job Security,"Promotions / Appraisal, Salary & Benefits, Work Satisfaction",2.1k,3.6
450,Power Mech Projects,Engineering & Construction,Job Security,"Promotions / Appraisal, Company Culture, Salary & Benefits",2.1k,3.8
451,FirstCry,Retail,nan,"Promotions / Appraisal, Company Culture, Work Satisfaction",2.1k,3.6
452,Pfizer,Pharma,"Work Life Balance, Company Culture","Promotions / Appraisal, Job Security",2.1k,3.9
453,Generali Central Life Insurance,Insurance,nan,"Promotions / Appraisal, Work Satisfaction, Job Security",2.1k,3.5
454,Mercedes-Benz Research and Development India,IT Services & Consulting,"Work Life Balance, Job Security","Promotions / Appraisal, Work Satisfaction, Skill Development / Learning",2.1k,3.6
455,Poonawalla Fincorp,NBFC,nan,"Promotions / Appraisal, Company Culture, Work Satisfaction",2.1k,3.6
456,Bharat Petroleum,Oil & Gas,"Company Culture, Work Life Balance, Work Satisfaction",Promotions / Appraisal,2.1k,4.2
457,"Maruti Suzuki India Limited, Hansalpur",Automobile,"Job Security, Salary & Benefits, Company Culture",nan,2.1k,4.2
458,Force Motors,Automobile,nan,"Promotions / Appraisal, Company Culture, Work Satisfaction",2.1k,3.7
459,Nuvoco Vistas,Building Material,"Job Security, Skill Development / Learning, Salary & Benefits",nan,2.1k,4.1
460,NTT DATA Business Solutions,IT Services & Consulting,"Work Life Balance, Company Culture, Job Security",nan,2.1k,4.1
461,Saint-Gobain,Building Material,"Job Security, Company Culture, Work Life Balance","Promotions / Appraisal, Salary & Benefits",2.1k,3.9
462,Jio Platforms,IT Services & Consulting,Job Security,"Promotions / Appraisal, Salary & Benefits, Company Culture",2.1k,3.4
463,Ola Cabs,Internet,nan,"Job Security, Promotions / Appraisal, Company Culture",2.1k,3.3
464,Kotak Securities,Financial Services,nan,"Promotions / Appraisal, Work Satisfaction, Skill Development / Learning",2k,3.5
465,Raymond Lifestyle Limited,Fashion & Textile,"Work Life Balance, Company Culture, Job Security",Promotions / Appraisal,2k,4.2
466,Reliance Trends,Retail,"Job Security, Skill Development / Learning, Company Culture",Promotions / Appraisal,2k,4.0
467,Manipal Hospitals,Healthcare,"Job Security, Skill Development / Learning, Company Culture",Promotions / Appraisal,2k,4.1
468,Renault-Nissan,Automobile,"Job Security, Company Culture, Work Life Balance",Promotions / Appraisal,2k,4.1
469,IndusInd General Insurance,Insurance,nan,"Promotions / Appraisal, Work Satisfaction, Company Culture",2k,3.6
470,Delphi TVS,Auto Components,Skill Development / Learning,"Promotions / Appraisal, Salary & Benefits",2k,3.9
471,ITC Hotels,Hospitality,"Job Security, Skill Development / Learning, Company Culture",Promotions / Appraisal,2k,4.1
472,Henry Harvin Education,EdTech,nan,nan,2k,3.6
473,Extramarks Education,EdTech,nan,"Job Security, Promotions / Appraisal, Work Satisfaction",2k,3.4
474,CitiusTech,IT Services & Consulting,nan,"Promotions / Appraisal, Job Security, Work Satisfaction",2k,3.2
475,JK Tyre,Auto Components,nan,"Promotions / Appraisal, Company Culture, Salary & Benefits",2k,3.7
476,Biological E,Pharma,"Job Security, Company Culture, Work Life Balance",nan,2k,4.2
477,Infinite Computer Solutions,IT Services & Consulting,nan,"Promotions / Appraisal, Job Security, Work Satisfaction",2k,3.3
478,Morgan Stanley,Financial Services,nan,"Promotions / Appraisal, Job Security, Work Satisfaction",2k,3.6
479,YASH Technologies,IT Services & Consulting,Work Life Balance,"Promotions / Appraisal, Work Satisfaction, Salary & Benefits",2k,3.7
480,SGS,"Testing, Inspection and Certification (TIC)",Work Life Balance,"Promotions / Appraisal, Salary & Benefits",2k,3.8
481,EPAM Systems,IT Services & Consulting,"Skill Development / Learning, Salary & Benefits, Work Life Balance","Promotions / Appraisal, Job Security, Work Satisfaction",2k,3.7
482,Senco Gold,Jewellery,"Job Security, Skill Development / Learning, Company Culture",nan,2k,4.4
483,State Street Syntel,Financial Services,Job Security,"Promotions / Appraisal, Salary & Benefits",2k,3.7
484,Ninjacart,Internet,Salary & Benefits,"Job Security, Promotions / Appraisal",2k,3.8
485,Novartis,Pharma,"Work Life Balance, Company Culture, Salary & Benefits",Promotions / Appraisal,2k,4.1
486,K12 Techno Services,EdTech,nan,"Promotions / Appraisal, Job Security",2k,3.7
487,HSBC Electronic Data Processing,IT Services & Consulting,"Job Security, Company Culture, Work Life Balance",Promotions / Appraisal,2k,4.0
488,SAP,Software Product,"Work Life Balance, Company Culture, Job Security",Promotions / Appraisal,2k,4.1
489,Valeo,Auto Components,"Work Life Balance, Company Culture, Job Security",Promotions / Appraisal,2k,3.9
490,IDBI Bank,Banking,nan,"Promotions / Appraisal, Company Culture, Work Life Balance",1.9k,3.4
491,AECOM,Engineering & Construction,"Work Life Balance, Company Culture, Work Satisfaction",Promotions / Appraisal,1.9k,4.2
492,Narayana Health,Healthcare,"Job Security, Skill Development / Learning, Company Culture",Promotions / Appraisal,1.9k,4.0
493,L&T Energy Hydrocarbon,Engineering & Construction,"Job Security, Skill Development / Learning","Promotions / Appraisal, Work Life Balance, Company Culture",1.9k,3.8
494,Aditya Birla Health Insurance Co,Insurance,nan,Promotions / Appraisal,1.9k,3.7
495,Paisabazaar.com,Internet,nan,"Job Security, Promotions / Appraisal, Company Culture",1.9k,3.4
496,Honeywell Automation,Industrial Automation,nan,"Promotions / Appraisal, Work Satisfaction",1.9k,3.7
497,Schindler,Industrial Machinery,"Skill Development / Learning, Company Culture, Salary & Benefits",Promotions / Appraisal,1.9k,3.9
498,Trent,Retail,"Job Security, Skill Development / Learning",Promotions / Appraisal,1.9k,3.8
499,Motherson Automotive Technologies and Engineering,Auto Components,Job Security,Promotions / Appraisal,1.9k,3.8
500,Shadowfax Technologies,Logistics,nan,"Job Security, Promotions / Appraisal, Company Culture",1.9k,3.5
501,R.R. Donnelley,Marketing & Advertising,Job Security,"Promotions / Appraisal, Salary & Benefits",1.9k,3.7
502,V-Guard Industries,Consumer Electronics & Appliances,"Company Culture, Work Life Balance, Job Security",Promotions / Appraisal,1.9k,4.3
503,Haier Appliances India,Consumer Electronics & Appliances,"Work Life Balance, Skill Development / Learning, Salary & Benefits",Promotions / Appraisal,1.9k,4.0
504,Philips,Medical Equipment,"Work Life Balance, Company Culture","Promotions / Appraisal, Job Security",1.9k,3.8
505,Dr Lal PathLabs,Healthcare,"Job Security, Company Culture, Skill Development / Learning",nan,1.9k,4.2
506,Parle Products,FMCG,Salary & Benefits,Promotions / Appraisal,1.9k,3.9
507,Microland,IT Services & Consulting,nan,"Promotions / Appraisal, Work Satisfaction, Salary & Benefits",1.9k,3.5
508,Uflex,Packaging,"Job Security, Work Life Balance",Promotions / Appraisal,1.9k,3.8
509,Gabriel India Limited,Auto Components,"Job Security, Skill Development / Learning, Company Culture",Promotions / Appraisal,1.9k,4.1
510,NCR Voyix,IT Services & Consulting,nan,"Promotions / Appraisal, Job Security, Skill Development / Learning",1.9k,3.5
511,CMS Infosystems,Software Product,nan,"Promotions / Appraisal, Salary & Benefits, Company Culture",1.9k,3.5
512,Spinny,Internet,nan,"Promotions / Appraisal, Job Security, Work Life Balance",1.9k,3.7
513,Globiva,BPO,nan,"Promotions / Appraisal, Work Satisfaction, Salary & Benefits",1.9k,3.0
514,Tekwissen,IT Services & Consulting,"Company Culture, Work Life Balance, Work Satisfaction",nan,1.9k,4.9
515,Google,Software Product,"Company Culture, Work Life Balance, Work Satisfaction",nan,1.9k,4.4
516,Crisil,Analytics & KPO,nan,"Promotions / Appraisal, Salary & Benefits, Work Satisfaction",1.9k,3.5
517,Lucas-TVS,Auto Components,Job Security,"Promotions / Appraisal, Salary & Benefits",1.9k,3.9
518,Adecco Group,Recruitment,Work Life Balance,"Promotions / Appraisal, Job Security",1.9k,3.8
519,Angel One,FinTech,nan,"Promotions / Appraisal, Job Security, Work Satisfaction",1.9k,3.6
520,CNH (Case New Holland),Industrial Machinery,Work Life Balance,Promotions / Appraisal,1.9k,3.7
521,Safexpress,Logistics,"Job Security, Company Culture, Work Life Balance","Promotions / Appraisal, Salary & Benefits",1.9k,3.9
522,DHL Supply Chain,Logistics,"Job Security, Company Culture, Work Life Balance",Promotions / Appraisal,1.9k,4.2
523,Aye Finance,NBFC,"Salary & Benefits, Company Culture, Work Life Balance",nan,1.9k,4.1
524,G R Infraprojects,Engineering & Construction,"Salary & Benefits, Skill Development / Learning, Company Culture",nan,1.9k,4.1
525,Aadhar Housing Finance,NBFC,"Company Culture, Skill Development / Learning, Salary & Benefits",nan,1.9k,4.1
526,NTPC,Power,"Company Culture, Work Life Balance, Skill Development / Learning",nan,1.9k,4.2
527,HTC Global Services,IT Services & Consulting,nan,"Promotions / Appraisal, Skill Development / Learning, Company Culture",1.9k,3.4
528,Iris Software,IT Services & Consulting,"Company Culture, Work Life Balance, Skill Development / Learning",Promotions / Appraisal,1.9k,3.8
529,Thomson Reuters,Software Product,"Work Life Balance, Company Culture",Promotions / Appraisal,1.9k,3.8
530,Tata Tele Business Services,Telecom,nan,"Promotions / Appraisal, Company Culture, Work Satisfaction",1.9k,3.6
531,Tata Power,Power,"Job Security, Work Life Balance, Company Culture","Promotions / Appraisal, Salary & Benefits",1.9k,3.9
532,Infinx,Software Product,Job Security,"Promotions / Appraisal, Salary & Benefits",1.9k,3.7
533,Trident Group,Fashion & Textile,Salary & Benefits,"Job Security, Company Culture, Work Life Balance",1.8k,3.3
534,Hindustan Aeronautics,Defence & Aerospace,"Work Life Balance, Work Satisfaction, Job Security",nan,1.8k,4.3
535,TVS Sundram Fasteners,Auto Components,nan,"Promotions / Appraisal, Salary & Benefits, Company Culture",1.8k,3.6
536,Torrent Power,Power,"Job Security, Work Life Balance","Promotions / Appraisal, Salary & Benefits",1.8k,3.8
537,PI Industries,Agro Chemicals,Salary & Benefits,Promotions / Appraisal,1.8k,3.8
538,KENT RO Systems,Consumer Electronics & Appliances,Work Life Balance,Promotions / Appraisal,1.8k,3.8
539,ICICI Home Finance,Financial Services,Salary & Benefits,Work Satisfaction,1.8k,3.7
540,NeoSOFT,IT Services & Consulting,nan,"Job Security, Promotions / Appraisal, Company Culture",1.8k,3.4
541,Jindal Saw,Iron & Steel,"Job Security, Work Life Balance, Work Satisfaction",nan,1.8k,4.0
542,CSB Bank,Banking,nan,"Promotions / Appraisal, Company Culture, Work Satisfaction",1.8k,3.2
543,Medi Assist India,Insurance,nan,"Promotions / Appraisal, Salary & Benefits, Work Satisfaction",1.8k,3.5
544,Aragen Life Sciences,Clinical Research,"Job Security, Company Culture, Work Life Balance",Promotions / Appraisal,1.8k,3.9
545,First American (India),Insurance,nan,"Promotions / Appraisal, Salary & Benefits, Skill Development / Learning",1.8k,3.5
546,Polycab Wires,Electrical Equipment,"Salary & Benefits, Work Life Balance",nan,1.8k,3.9
547,Honda Cars,Automobile,"Work Life Balance, Company Culture, Job Security",nan,1.8k,4.3
548,Verizon,Telecom,Salary & Benefits,"Promotions / Appraisal, Job Security, Work Satisfaction",1.8k,3.6
549,Fusion CX,BPO,nan,"Promotions / Appraisal, Job Security, Work Satisfaction",1.8k,3.3
550,AXA Global Business Services,IT Services & Consulting,"Work Life Balance, Job Security, Company Culture","Promotions / Appraisal, Salary & Benefits",1.8k,3.8
551,TELUS Digital,IT Services & Consulting,nan,"Promotions / Appraisal, Job Security, Work Satisfaction",1.8k,3.6
552,AkzoNobel,Chemicals,"Company Culture, Work Life Balance, Salary & Benefits",Promotions / Appraisal,1.8k,4.1
553,Sterling & Wilson,Engineering & Construction,"Work Life Balance, Job Security, Company Culture",nan,1.8k,4.0
554,Infra.Market,Building Material,"Salary & Benefits, Company Culture, Work Life Balance",nan,1.8k,3.9
555,Capri Global Capital,NBFC,nan,"Job Security, Promotions / Appraisal, Company Culture",1.8k,3.6
556,Innovsource Services,Recruitment,Work Life Balance,Promotions / Appraisal,1.8k,3.9
557,Stellar Migration,Other,nan,"Company Culture, Work Life Balance, Work Satisfaction",1.8k,1.3
558,Godrej Properties,Real Estate,Salary & Benefits,"Promotions / Appraisal, Work Satisfaction, Company Culture",1.8k,3.6
559,Cafe Coffee Day,Hospitality,nan,"Promotions / Appraisal, Salary & Benefits, Company Culture",1.8k,3.7
560,Haldiram Foods International Limited,FMCG,nan,Promotions / Appraisal,1.8k,3.8
561,DIVI'S Laboratories,Pharma,Salary & Benefits,"Promotions / Appraisal, Company Culture, Work Satisfaction",1.8k,3.6
562,MetLife,Insurance,"Work Life Balance, Job Security, Company Culture",Promotions / Appraisal,1.7k,4.1
563,SS&C TECHNOLOGIES,IT Services & Consulting,nan,"Promotions / Appraisal, Salary & Benefits, Company Culture",1.7k,3.2
564,Kalyan Jewellers,Jewellery,"Salary & Benefits, Company Culture, Job Security",nan,1.7k,4.4
565,Digit Insurance,Insurance,"Job Security, Skill Development / Learning",Promotions / Appraisal,1.7k,3.7
566,Hindustan Petroleum,Oil & Gas,"Company Culture, Work Life Balance, Job Security",nan,1.7k,4.2
567,Tata Communications Transformation Services,Telecom,Work Life Balance,"Promotions / Appraisal, Salary & Benefits",1.7k,3.8
568,USHA International,Consumer Electronics & Appliances,"Work Life Balance, Company Culture, Job Security",Promotions / Appraisal,1.7k,4.1
569,Future Retail,Retail,"Company Culture, Skill Development / Learning, Work Life Balance",nan,1.7k,4.4
570,Reckitt Benckiser,FMCG,"Work Life Balance, Salary & Benefits",Promotions / Appraisal,1.7k,3.9
571,Dhani Loans and Services,NBFC,nan,"Job Security, Promotions / Appraisal",1.7k,3.9
572,Air India,Aviation,nan,"Promotions / Appraisal, Company Culture, Work Satisfaction",1.7k,3.4
573,Security and Intelligence Services (India),Law Enforcement & Security,"Work Life Balance, Job Security, Company Culture",nan,1.7k,4.0
574,USV,Pharma,"Company Culture, Work Life Balance, Job Security",nan,1.7k,4.0
575,HDFC Securities,Financial Services,nan,"Company Culture, Work Satisfaction, Promotions / Appraisal",1.7k,3.4
576,Isgec Heavy Engineering,Engineering & Construction,Job Security,"Promotions / Appraisal, Company Culture, Work Satisfaction",1.7k,3.8
577,BT Business,Telecom,"Work Life Balance, Company Culture, Job Security",Promotions / Appraisal,1.7k,3.9
578,Vedantu,EdTech,nan,"Job Security, Promotions / Appraisal, Work Satisfaction",1.7k,3.3
579,Pine Labs,FinTech,nan,"Promotions / Appraisal, Work Satisfaction, Job Security",1.7k,3.3
580,LivSpace,Architecture & Interior Design,nan,"Promotions / Appraisal, Job Security, Work Life Balance",1.7k,3.3
581,Bata,Fashion & Textile,nan,"Promotions / Appraisal, Company Culture, Work Satisfaction",1.7k,3.5
582,Adani Green Energy,Power,"Salary & Benefits, Skill Development / Learning",Promotions / Appraisal,1.7k,3.9
583,Annapurna Finance,NBFC,"Salary & Benefits, Job Security",Promotions / Appraisal,1.7k,3.9
584,XBP Global,Internet,nan,"Promotions / Appraisal, Skill Development / Learning, Salary & Benefits",1.7k,3.2
585,Metro Cash & Carry,Retail,"Work Life Balance, Skill Development / Learning, Company Culture",Promotions / Appraisal,1.7k,4.0
586,Indian Navy,Defence & Aerospace,"Job Security, Skill Development / Learning, Company Culture",nan,1.7k,4.6
587,BVG India,Facility Management Services,"Work Life Balance, Company Culture, Work Satisfaction",nan,1.7k,4.2
588,NEC,IT Services & Consulting,"Work Life Balance, Company Culture, Work Satisfaction",nan,1.7k,4.0
589,Mother Dairy Fruit & Vegetable,Food Processing,"Job Security, Work Life Balance, Company Culture",Promotions / Appraisal,1.7k,4.1
590,Granules India Limited,Pharma,nan,"Promotions / Appraisal, Work Satisfaction, Skill Development / Learning",1.7k,3.8
591,Cavinkare,FMCG,"Salary & Benefits, Company Culture, Work Life Balance",nan,1.7k,4.0
592,Sysnet Global Technologies,IT Services & Consulting,nan,"Promotions / Appraisal, Salary & Benefits",1.7k,3.7
593,Provana,BPO,"Company Culture, Work Life Balance, Work Satisfaction",nan,1.7k,3.9
594,Orange Business,IT Services & Consulting,"Work Life Balance, Company Culture, Job Security",Promotions / Appraisal,1.7k,4.1
595,Medanta the Medicity,Healthcare,"Job Security, Skill Development / Learning, Company Culture",Promotions / Appraisal,1.7k,4.0
596,FactSet,Analytics & KPO,"Work Life Balance, Company Culture, Job Security","Promotions / Appraisal, Salary & Benefits, Skill Development / Learning",1.7k,3.7
597,Caterpillar Inc,Industrial Machinery,"Company Culture, Work Life Balance, Job Security",Promotions / Appraisal,1.7k,4.1
598,Frankfinn Institute of Air Hostess Training,Education & Training,"Company Culture, Salary & Benefits",nan,1.6k,3.9
599,Orchids International School,Education & Training,Skill Development / Learning,nan,1.7k,3.8
600,Cushman & Wakefield,Real Estate,"Company Culture, Work Life Balance, Job Security",nan,1.6k,4.2
601,Rungta Mines,Metals & Mining,"Work Life Balance, Salary & Benefits, Job Security",nan,1.6k,4.0
602,Hitachi Astemo,Auto Components,"Company Culture, Work Life Balance, Job Security",Promotions / Appraisal,1.6k,4.1
603,TTEC India,BPO,Company Culture,"Promotions / Appraisal, Salary & Benefits, Skill Development / Learning",1.6k,3.7
604,HighRadius,Software Product,nan,"Job Security, Company Culture, Work Satisfaction",1.6k,2.6
605,American Broadcasting Company,Engineering & Construction,"Company Culture, Work Life Balance, Job Security",nan,1.6k,4.0
606,Yamaha Motor,Automobile,"Work Life Balance, Company Culture, Work Satisfaction",Promotions / Appraisal,1.6k,4.1
607,Rane (Madras),Auto Components,"Skill Development / Learning, Job Security","Promotions / Appraisal, Salary & Benefits",1.6k,3.9
608,KONE,Industrial Machinery,"Work Life Balance, Company Culture, Job Security",Promotions / Appraisal,1.6k,4.1
609,MagicBricks,Internet,"Salary & Benefits, Company Culture, Work Life Balance",nan,1.6k,4.0
610,JSW Bhushan Power & Steel,Iron & Steel,"Skill Development / Learning, Company Culture, Work Life Balance",Promotions / Appraisal,1.6k,4.0
611,DHL Express,Logistics,"Job Security, Company Culture, Work Life Balance",Promotions / Appraisal,1.6k,4.1
612,L.G.Balakrishnan & Bros,Auto Components,Job Security,"Promotions / Appraisal, Salary & Benefits, Company Culture",1.6k,3.5
613,BA Continuum,IT Services & Consulting,"Job Security, Work Life Balance, Company Culture",Promotions / Appraisal,1.6k,3.9
614,Johnson & Johnson,Healthcare,"Company Culture, Work Life Balance, Salary & Benefits",Promotions / Appraisal,1.6k,4.0
615,Wipro Enterprises Ltd,FMCG,Job Security,"Promotions / Appraisal, Salary & Benefits",1.6k,3.8
616,Procter & Gamble,FMCG,"Company Culture, Skill Development / Learning, Work Life Balance",nan,1.6k,4.0
617,Compass Group Support Services,Facility Management Services,"Work Life Balance, Company Culture, Job Security",Promotions / Appraisal,1.6k,4.0
618,Vardhman Fabrics,Fashion & Textile,"Job Security, Company Culture, Work Life Balance","Promotions / Appraisal, Salary & Benefits",1.6k,4.0
619,Tata Play,Broadcasting,"Company Culture, Work Life Balance, Job Security",Promotions / Appraisal,1.6k,4.0
620,Matrimony.com,Internet,"Company Culture, Work Life Balance, Job Security",nan,1.6k,4.0
621,CG Power and Industrial Solutions,Electrical Equipment,nan,Promotions / Appraisal,1.6k,3.8
622,Patanjali Foods,FMCG,nan,"Promotions / Appraisal, Skill Development / Learning",1.6k,3.8
623,Chegg,EdTech,"Work Life Balance, Company Culture, Work Satisfaction","Job Security, Promotions / Appraisal",1.6k,4.1
624,Hero Motors Company,Automobile,"Work Life Balance, Company Culture",Promotions / Appraisal,1.6k,3.9
625,Arvind Group,Fashion & Textile,"Work Life Balance, Job Security, Company Culture",Promotions / Appraisal,1.6k,4.0
626,Belrise Industries,Auto Components,nan,"Promotions / Appraisal, Company Culture",1.6k,3.7
627,Clover Infotech,IT Services & Consulting,nan,"Promotions / Appraisal, Company Culture, Work Satisfaction",1.6k,3.4
628,CMA CGM,Ports & Shipping,"Job Security, Company Culture, Work Life Balance",Promotions / Appraisal,1.6k,3.9
629,Suryoday Small Finance Bank,Banking,"Job Security, Skill Development / Learning, Salary & Benefits",nan,1.6k,4.0
630,HERE Technologies,IT Services & Consulting,"Work Life Balance, Company Culture, Job Security","Promotions / Appraisal, Salary & Benefits, Skill Development / Learning",1.6k,3.8
631,Krishna Maruti,Auto Components,"Job Security, Work Life Balance",Promotions / Appraisal,1.6k,3.8
632,IIFL SAMASTA,NBFC,nan,"Company Culture, Work Satisfaction, Promotions / Appraisal",1.6k,3.7
633,ReNew,Power,"Job Security, Company Culture, Work Life Balance",nan,1.6k,4.2
634,PharmEasy,Internet,nan,"Job Security, Promotions / Appraisal, Work Satisfaction",1.6k,3.7
635,Marico,FMCG,Salary & Benefits,Promotions / Appraisal,1.6k,3.8
636,Coronis Ajuba Solutions,BPO,"Company Culture, Work Life Balance, Job Security",Promotions / Appraisal,1.6k,3.9
637,Tata 1mg,Internet,nan,"Promotions / Appraisal, Work Satisfaction, Company Culture",1.6k,3.6
638,Toyota Kirloskar Motor,Automobile,"Company Culture, Skill Development / Learning, Job Security",nan,1.6k,4.3
639,Welspun Living Limited,Fashion & Textile,Skill Development / Learning,Promotions / Appraisal,1.6k,3.9
640,Welspun Living Limited,Fashion & Textile,Skill Development / Learning,Promotions / Appraisal,1.6k,3.9
641,Wockhardt,Pharma,Work Life Balance,"Promotions / Appraisal, Salary & Benefits",1.6k,3.8
642,NielsenIQ,Analytics & KPO,nan,"Promotions / Appraisal, Skill Development / Learning, Salary & Benefits",1.6k,3.5
643,Goldman Sachs,Financial Services,nan,"Work Life Balance, Job Security, Work Satisfaction",1.6k,3.3
644,Dixon Technologies,Electronics Manufacturing,Skill Development / Learning,nan,1.6k,3.9
645,Emami,FMCG,"Work Life Balance, Job Security",Promotions / Appraisal,1.6k,3.8
646,Satin Creditcare Network,NBFC,"Salary & Benefits, Work Life Balance, Skill Development / Learning",nan,1.6k,3.9
647,Godrej Industries Group,Real Estate,"Job Security, Company Culture, Work Life Balance",Promotions / Appraisal,1.6k,3.9
648,Veritas Finance,NBFC,"Company Culture, Work Life Balance, Salary & Benefits",nan,1.6k,4.3
649,Teva Pharmaceuticals,Pharma,"Work Life Balance, Company Culture",Promotions / Appraisal,1.5k,3.9
650,Shriram Life Insurance,Insurance,nan,"Promotions / Appraisal, Work Satisfaction, Job Security",1.6k,3.5
651,ZF Commercial Vehicle Control Systems,Auto Components,nan,"Promotions / Appraisal, Job Security",1.5k,3.8
652,iOPEX Technologies,IT Services & Consulting,nan,"Promotions / Appraisal, Company Culture, Work Satisfaction",1.5k,3.2
653,Mercer,Management Consulting,nan,"Promotions / Appraisal, Skill Development / Learning, Work Satisfaction",1.5k,3.6
654,KFC,Hospitality,"Skill Development / Learning, Company Culture, Job Security",nan,1.5k,4.0
655,Supreme Industries,Petrochemicals,"Job Security, Work Life Balance, Company Culture",Promotions / Appraisal,1.5k,4.1
656,Sanofi,Pharma,"Work Life Balance, Company Culture, Work Satisfaction",Promotions / Appraisal,1.5k,4.0
657,Cemindia Projects,Engineering & Construction,"Job Security, Company Culture, Salary & Benefits",nan,1.5k,4.2
658,Relaxo Footwear,Fashion & Textile,"Work Life Balance, Job Security, Salary & Benefits",Promotions / Appraisal,1.5k,4.0
659,Asahi India Glass,Auto Components,"Job Security, Skill Development / Learning","Promotions / Appraisal, Salary & Benefits",1.5k,3.8
660,IFB,Consumer Electronics & Appliances,nan,"Promotions / Appraisal, Company Culture, Work Satisfaction",1.5k,3.6
661,Urban Company,Internet,nan,"Job Security, Promotions / Appraisal, Work Life Balance",1.5k,3.3
662,Amul India,Food Processing,"Job Security, Work Life Balance, Company Culture",Promotions / Appraisal,1.5k,4.0
663,Marriott International,Hospitality,"Job Security, Skill Development / Learning, Company Culture",nan,1.5k,4.1
664,Broadridge Financial Solutions,FinTech,"Job Security, Work Life Balance","Promotions / Appraisal, Salary & Benefits",1.5k,3.8
665,Bajaj Capital,Financial Services,nan,"Promotions / Appraisal, Job Security, Work Satisfaction",1.5k,3.6
666,Dainik Bhaskar Group,Printing & Publishing,"Company Culture, Skill Development / Learning, Work Life Balance",nan,1.5k,4.2
667,IndiaFirst Life Insurance,Insurance,Salary & Benefits,Job Security,1.5k,3.8
668,Suguna Foods,Food Processing,"Company Culture, Work Life Balance",Promotions / Appraisal,1.5k,4.0
669,HCL Infosystems,IT Services & Consulting,"Work Life Balance, Job Security, Company Culture",nan,1.5k,4.0
670,Gujarat Fluorochemicals,Chemicals,"Job Security, Work Life Balance",Promotions / Appraisal,1.5k,3.9
671,Nayara Energy,Oil & Gas,"Work Life Balance, Salary & Benefits, Job Security",Promotions / Appraisal,1.5k,4.1
672,Kotak Mahindra Prime,NBFC,"Company Culture, Work Life Balance, Job Security",Promotions / Appraisal,1.5k,3.9
673,Muthoot Microfin,NBFC,"Company Culture, Work Life Balance, Job Security",nan,1.5k,4.2
674,Tesco,Retail,"Work Life Balance, Job Security","Promotions / Appraisal, Salary & Benefits, Work Satisfaction",1.5k,3.6
675,XL Dynamics,IT Services & Consulting,Salary & Benefits,"Company Culture, Job Security",1.5k,3.6
676,Hinduja Leyland Finance,NBFC,"Work Life Balance, Company Culture",Promotions / Appraisal,1.5k,3.9
677,Bisleri,Beverage,"Work Life Balance, Job Security, Salary & Benefits",Promotions / Appraisal,1.5k,4.2
678,SHYAM METALICS AND ENERGY,Metals & Mining,nan,"Promotions / Appraisal, Company Culture, Job Security",1.5k,3.4
679,Oracle Cerner,Software Product,Work Life Balance,"Promotions / Appraisal, Skill Development / Learning, Salary & Benefits",1.5k,3.4
680,Patra India,BPO,Job Security,"Salary & Benefits, Promotions / Appraisal, Skill Development / Learning",1.5k,3.6
681,Lumax Industries,Auto Components,"Job Security, Skill Development / Learning",Promotions / Appraisal,1.5k,3.9
682,Steel Strips Wheels,Auto Components,nan,"Company Culture, Promotions / Appraisal, Salary & Benefits",1.5k,3.7
683,Evalueserve,Analytics & KPO,nan,"Promotions / Appraisal, Work Satisfaction, Salary & Benefits",1.5k,3.0
684,Health Care Global Enterprises,Healthcare,"Company Culture, Work Life Balance, Job Security",nan,1.5k,4.2
685,GMR Group,Engineering & Construction,"Job Security, Work Life Balance, Company Culture",Promotions / Appraisal,1.5k,4.0
686,Piramal Pharma,Pharma,"Job Security, Company Culture, Work Life Balance",Promotions / Appraisal,1.5k,4.0
687,Karur Vysya Bank,Banking,nan,"Promotions / Appraisal, Work Satisfaction, Company Culture",1.5k,3.5
688,Max Fashion,Retail,"Skill Development / Learning, Company Culture, Job Security",Promotions / Appraisal,1.5k,4.0
689,GE VERNOVA,Power,"Company Culture, Work Life Balance, Salary & Benefits",Promotions / Appraisal,1.5k,4.2
690,Ashoka Buildcon,Engineering & Construction,"Company Culture, Work Life Balance, Work Satisfaction",nan,1.5k,4.1
691,Canara Bank,Banking,Job Security,"Company Culture, Work Life Balance, Work Satisfaction",1.5k,3.6
692,SAI Life Sciences,Clinical Research,"Salary & Benefits, Company Culture, Skill Development / Learning",Promotions / Appraisal,1.5k,3.9
693,Tata Consumer Products,FMCG,nan,"Promotions / Appraisal, Company Culture, Work Satisfaction",1.5k,3.5
694,Page Industries,Fashion & Textile,"Job Security, Work Life Balance, Company Culture",Promotions / Appraisal,1.5k,4.1
695,Honeywell Technology Solutions,Industrial Automation,Job Security,"Promotions / Appraisal, Work Satisfaction, Salary & Benefits",1.5k,3.7
696,QualityKiosk Technologies,IT Services & Consulting,nan,"Promotions / Appraisal, Salary & Benefits, Work Satisfaction",1.4k,3.2
697,Taurus BPO Services,BPO,"Company Culture, Work Life Balance, Work Satisfaction",nan,1.4k,4.1
698,Tanishq,Jewellery,"Skill Development / Learning, Company Culture, Work Life Balance",nan,1.4k,4.1
699,Tata Group,IT Services & Consulting,"Company Culture, Work Life Balance, Job Security",nan,1.4k,4.2
700,Tata AutoComp Systems,Auto Components,Job Security,"Promotions / Appraisal, Salary & Benefits",1.4k,3.8
701,Wheelseye Technology,Internet,nan,"Promotions / Appraisal, Job Security, Company Culture",1.4k,3.4
702,Gland Pharma,Pharma,"Work Life Balance, Job Security",nan,1.4k,4.0
703,ISS Facility Services,Facility Management Services,"Work Life Balance, Job Security, Company Culture",Promotions / Appraisal,1.4k,4.0
704,Sonata Software,IT Services & Consulting,nan,"Promotions / Appraisal, Salary & Benefits, Company Culture",1.4k,3.4
705,Oberoi Group of Hotels,Hospitality,"Job Security, Skill Development / Learning, Company Culture",nan,1.4k,4.1
706,Devyani International,Hospitality,Skill Development / Learning,Promotions / Appraisal,1.4k,3.8
707,Aon,Management Consulting,"Job Security, Company Culture, Work Life Balance","Promotions / Appraisal, Salary & Benefits",1.4k,3.8
708,Indoco Remedies,Pharma,nan,"Promotions / Appraisal, Job Security, Company Culture",1.4k,3.5
709,Daimler India Commercial Vehicles,Automobile,"Work Life Balance, Job Security, Company Culture",Promotions / Appraisal,1.4k,3.9
710,NIIT,Education & Training,nan,"Promotions / Appraisal, Salary & Benefits, Work Satisfaction",1.4k,3.5
711,Airtel Payments Bank,Banking,nan,Promotions / Appraisal,1.4k,3.8
712,V5 Global Services,Recruitment,Work Life Balance,Promotions / Appraisal,1.4k,3.9
713,Acmegrade,EdTech,"Company Culture, Work Satisfaction, Skill Development / Learning",nan,1.4k,3.9
714,Narayana Educational Society,Education & Training,nan,"Promotions / Appraisal, Company Culture, Work Life Balance",1.4k,3.5
715,Hyatt Regency,Hospitality,"Job Security, Skill Development / Learning, Company Culture",nan,1.4k,4.0
716,Bharat Forge,Auto Components,nan,"Promotions / Appraisal, Salary & Benefits, Company Culture",1.4k,3.7
717,Heritage Foods,Food Processing,"Company Culture, Work Life Balance, Job Security",nan,1.4k,4.0
718,Amneal Pharmaceuticals,Pharma,"Work Life Balance, Job Security, Company Culture",nan,1.4k,4.2
719,Apco Infratech,Engineering & Construction,nan,"Job Security, Company Culture, Promotions / Appraisal",1.4k,3.8
720,Agilus Diagnostics,Healthcare,"Work Life Balance, Company Culture, Skill Development / Learning",Promotions / Appraisal,1.4k,4.1
721,Acuity Analytics,Analytics & KPO,nan,"Promotions / Appraisal, Work Satisfaction, Skill Development / Learning",1.4k,3.2
722,PNB Housing Finance,NBFC,nan,Promotions / Appraisal,1.4k,3.8
723,Happiest Minds Technologies,IT Services & Consulting,nan,"Promotions / Appraisal, Salary & Benefits, Work Satisfaction",1.4k,3.4
724,Sony,Consumer Electronics & Appliances,"Company Culture, Work Life Balance, Work Satisfaction",Promotions / Appraisal,1.4k,4.1
725,Apexon,IT Services & Consulting,nan,"Promotions / Appraisal, Job Security, Work Satisfaction",1.4k,3.3
726,SBFC Finance,NBFC,Salary & Benefits,nan,1.4k,3.8
727,IDC Technologies,IT Services & Consulting,nan,"Job Security, Promotions / Appraisal, Company Culture",1.4k,3.1
728,Tieto,IT Services & Consulting,"Work Life Balance, Company Culture, Work Satisfaction",nan,1.4k,4.2
729,Morningstar,Financial Services,"Work Life Balance, Company Culture, Job Security","Promotions / Appraisal, Salary & Benefits, Work Satisfaction",1.4k,3.7
730,Jaquar,Building Material,"Job Security, Work Life Balance, Company Culture",Promotions / Appraisal,1.4k,4.1
731,AB InBev India,Beverage,nan,"Promotions / Appraisal, Job Security, Work Satisfaction",1.4k,3.3
732,CIE Automotive India Limited (Formerly known as Mahindra CIE Automotive Limited),Auto Components,nan,"Promotions / Appraisal, Company Culture, Work Satisfaction",1.4k,3.6
733,J. Kumar Infraprojects,Engineering & Construction,"Work Life Balance, Job Security, Company Culture",Promotions / Appraisal,1.4k,4.1
734,The Muthoot Group,Financial Services,nan,"Promotions / Appraisal, Company Culture, Work Satisfaction",1.4k,3.6
735,Aumovio,Auto Components,"Work Life Balance, Company Culture","Promotions / Appraisal, Salary & Benefits",1.4k,3.8
736,TCS iON,IT Services & Consulting,Job Security,"Promotions / Appraisal, Salary & Benefits",1.4k,3.8
737,Indegene,Analytics & KPO,nan,"Promotions / Appraisal, Work Satisfaction, Skill Development / Learning",1.4k,3.3
738,Amara Raja Energy & Mobility,Auto Components,"Job Security, Company Culture, Work Life Balance",Promotions / Appraisal,1.4k,4.0
739,Altimetrik,IT Services & Consulting,Salary & Benefits,"Job Security, Promotions / Appraisal, Work Satisfaction",1.4k,3.6
740,Xiaomi,Consumer Electronics & Appliances,nan,"Promotions / Appraisal, Job Security",1.4k,3.8
741,Chandigarh University,Education & Training,"Work Life Balance, Skill Development / Learning, Salary & Benefits",nan,1.4k,4.2
742,VLCC,Beauty & Personal Care,nan,"Promotions / Appraisal, Company Culture, Work Life Balance",1.4k,3.3
743,Vfs Global Services,IT Services & Consulting,nan,"Promotions / Appraisal, Salary & Benefits, Company Culture",1.4k,3.4
744,Slk Software Services,IT Services & Consulting,nan,"Promotions / Appraisal, Salary & Benefits, Work Satisfaction",1.4k,3.2
745,Adobe,Software Product,"Company Culture, Work Life Balance","Promotions / Appraisal, Work Satisfaction",1.4k,3.7
746,Unisys,IT Services & Consulting,nan,"Promotions / Appraisal, Skill Development / Learning, Work Satisfaction",1.4k,3.5
747,Sansera Engineering,Auto Components,"Skill Development / Learning, Company Culture, Work Life Balance","Promotions / Appraisal, Salary & Benefits",1.4k,4.0
748,Labmentix,Bengaluru +31 other locations,"Skill Development / Learning, Company Culture, Work Life Balance",nan,1.4k,4.5
749,FedEx Express,Logistics,"Work Life Balance, Company Culture, Job Security",Promotions / Appraisal,1.4k,4.0
750,Infogain,IT Services & Consulting,nan,"Promotions / Appraisal, Job Security, Salary & Benefits",1.4k,3.5
751,DCM Shriram,Chemicals,"Job Security, Company Culture, Work Life Balance",nan,1.4k,4.1
752,Oracle Financial Services Software,Software Product,Job Security,"Promotions / Appraisal, Salary & Benefits, Work Satisfaction",1.4k,3.4
753,Faurecia,Auto Components,"Company Culture, Skill Development / Learning",Promotions / Appraisal,1.4k,3.9
754,AtkinsRealis,Engineering & Construction,Work Life Balance,"Promotions / Appraisal, Work Satisfaction, Salary & Benefits",1.4k,3.7
755,Sheenlac Paints,Chemicals,"Salary & Benefits, Company Culture, Work Life Balance",nan,1.4k,4.2
756,Nykaa,Internet,nan,"Promotions / Appraisal, Company Culture, Work Satisfaction",1.4k,3.4
757,Kantar,Analytics & KPO,nan,"Promotions / Appraisal, Salary & Benefits, Work Satisfaction",1.3k,3.5
758,Paytm Payments Bank,Banking,Work Life Balance,"Job Security, Promotions / Appraisal",1.3k,3.8
759,Aforeserve,IT Services & Consulting,nan,"Promotions / Appraisal, Salary & Benefits, Job Security",1.3k,3.4
760,Eaton,Electronics Manufacturing,"Company Culture, Work Life Balance, Job Security",Promotions / Appraisal,1.3k,4.0
761,Sharekhan,Financial Services,Work Life Balance,"Promotions / Appraisal, Salary & Benefits",1.3k,3.7
762,EOSGlobe,BPO,nan,"Promotions / Appraisal, Salary & Benefits, Work Satisfaction",1.3k,2.9
763,MedPlus,Retail,nan,"Promotions / Appraisal, Company Culture, Work Satisfaction",1.3k,3.6
764,Amity University,Education & Training,Job Security,"Promotions / Appraisal, Skill Development / Learning, Salary & Benefits",1.3k,3.6
765,Worley,Engineering & Construction,"Work Life Balance, Company Culture, Work Satisfaction",Promotions / Appraisal,1.3k,4.1
766,Bajaj Housing Finance,NBFC,nan,"Work Life Balance, Company Culture, Work Satisfaction",1.3k,3.6
767,DEXIT Global,IT Services & Consulting,nan,"Promotions / Appraisal, Salary & Benefits, Work Satisfaction",1.3k,3.5
768,Chetu,Software Product,nan,"Job Security, Company Culture, Work Life Balance",1.3k,3.5
769,Fino Payments Bank,Banking,"Work Life Balance, Job Security",Promotions / Appraisal,1.3k,3.9
770,TEKsystems,IT Services & Consulting,nan,"Promotions / Appraisal, Job Security, Skill Development / Learning",1.3k,3.2
771,JioMart,Retail,"Company Culture, Work Life Balance, Skill Development / Learning",Promotions / Appraisal,1.3k,3.9
772,VOIS,IT Services & Consulting,"Work Life Balance, Job Security, Company Culture","Promotions / Appraisal, Skill Development / Learning",1.3k,3.8
773,Bharat FIH,Electronics Manufacturing,nan,"Promotions / Appraisal, Job Security, Salary & Benefits",1.3k,3.7
774,Fusion Finance,NBFC,"Company Culture, Work Life Balance, Salary & Benefits",nan,1.4k,3.9
775,Big Bazaar,Retail,"Company Culture, Skill Development / Learning, Work Satisfaction",nan,1.3k,4.3
776,City Union Bank,Banking,nan,"Promotions / Appraisal, Company Culture, Work Life Balance",1.3k,3.0
777,TÜV SÜD,"Testing, Inspection and Certification (TIC)","Company Culture, Work Life Balance, Work Satisfaction",Promotions / Appraisal,1.3k,3.9
778,Collabera Talent Solutions,Recruitment,nan,"Promotions / Appraisal, Job Security, Salary & Benefits",1.3k,3.5
779,Novo Nordisk,Pharma,Work Life Balance,"Promotions / Appraisal, Job Security, Work Satisfaction",1.3k,3.6
780,iMerit,IT Services & Consulting,nan,"Promotions / Appraisal, Salary & Benefits, Skill Development / Learning",1.3k,3.2
781,Unichem Laboratories,Pharma,Job Security,"Promotions / Appraisal, Company Culture, Salary & Benefits",1.3k,3.6
782,Iffco Tokio General Insurance Co.,Insurance,nan,Promotions / Appraisal,1.3k,3.8
783,Rashmi Metaliks,Iron & Steel,nan,"Company Culture, Job Security, Promotions / Appraisal",1.3k,3.2
784,Sunknowledge Services,BPO,Job Security,"Promotions / Appraisal, Salary & Benefits, Company Culture",1.3k,3.5
785,GE,Defence & Aerospace,"Company Culture, Work Life Balance, Work Satisfaction",Promotions / Appraisal,1.3k,4.1
786,Burger King,Hospitality,"Salary & Benefits, Job Security, Skill Development / Learning",nan,1.3k,3.9
787,JSW Cement,Building Material,"Job Security, Company Culture, Work Life Balance",Promotions / Appraisal,1.3k,4.0
788,Incedo,IT Services & Consulting,nan,"Promotions / Appraisal, Work Satisfaction, Job Security",1.3k,3.0
789,Aptara,Content Development,nan,"Promotions / Appraisal, Skill Development / Learning, Salary & Benefits",1.3k,3.1
790,Hindware Limited,Building Material,Work Life Balance,Promotions / Appraisal,1.3k,3.9
791,FDC,Pharma,nan,"Promotions / Appraisal, Salary & Benefits",1.3k,3.7
792,Citco,Management Consulting,nan,"Promotions / Appraisal, Company Culture, Work Satisfaction",1.3k,3.1
793,Aerial Telecom Solutions,Telecom,"Work Life Balance, Company Culture, Work Satisfaction",nan,1.3k,4.1
794,ZF Steering Gear,Auto Components,nan,"Promotions / Appraisal, Company Culture, Work Satisfaction",1.3k,3.7
795,TE Connectivity,Electronics Manufacturing,"Company Culture, Work Life Balance, Work Satisfaction",Promotions / Appraisal,1.3k,4.1
796,mPokket,NBFC,"Company Culture, Job Security, Skill Development / Learning",nan,1.3k,4.4
797,Spicejet,Aviation,nan,"Promotions / Appraisal, Salary & Benefits, Job Security",1.3k,3.4
798,ManpowerGroup,Recruitment,nan,"Promotions / Appraisal, Job Security, Skill Development / Learning",1.3k,3.6
799,INDIUM,IT Services & Consulting,"Company Culture, Work Life Balance, Work Satisfaction",Promotions / Appraisal,1.3k,4.0
800,Bluestock ™,FinTech,"Work Life Balance, Skill Development / Learning, Company Culture",nan,1.3k,4.5
801,VIBGYOR Group of Schools,Education & Training,nan,"Job Security, Promotions / Appraisal, Company Culture",1.3k,3.5
802,Shubham Housing Development Finance,NBFC,"Work Life Balance, Salary & Benefits",nan,1.3k,3.9
803,CreditAccess Grameen,NBFC,"Company Culture, Job Security",nan,1.3k,3.9
804,The Ramco Cements,Building Material,"Job Security, Company Culture, Work Life Balance",Promotions / Appraisal,1.3k,4.0
805,Atul,Chemicals,"Job Security, Work Life Balance, Company Culture",Promotions / Appraisal,1.3k,3.9
806,RBL FinServe,Financial Services,"Salary & Benefits, Skill Development / Learning",nan,1.3k,3.9
807,Nippon Paint India,Chemicals,"Company Culture, Work Life Balance, Skill Development / Learning",Promotions / Appraisal,1.3k,4.0
808,Hatsun Agro Product,Food Processing,Skill Development / Learning,"Job Security, Promotions / Appraisal",1.3k,3.8
809,Fabindia,Retail,"Work Life Balance, Job Security, Skill Development / Learning","Promotions / Appraisal, Salary & Benefits",1.3k,3.8
810,Brillio,IT Services & Consulting,nan,"Promotions / Appraisal, Job Security, Work Satisfaction",1.3k,3.4
811,Cinépolis,Media & Entertainment,Company Culture,"Promotions / Appraisal, Salary & Benefits",1.3k,3.8
812,Grant Thornton,Accounting & Auditing,nan,"Promotions / Appraisal, Work Satisfaction, Salary & Benefits",1.3k,3.4
813,GEP Worldwide,IT Services & Consulting,Company Culture,"Promotions / Appraisal, Salary & Benefits, Work Satisfaction",1.3k,3.6
814,Hindustan Construction Company,Engineering & Construction,"Company Culture, Job Security, Work Satisfaction",nan,1.3k,4.3
815,Punjab National Bank,Banking,Job Security,nan,1.3k,3.8
816,CenturyPly,Furniture & Furnishing,Salary & Benefits,Promotions / Appraisal,1.3k,3.8
817,Pantaloons,Retail,"Job Security, Company Culture, Skill Development / Learning",nan,1.3k,4.1
818,Mondelez International,Food Processing,"Salary & Benefits, Company Culture, Work Life Balance",Promotions / Appraisal,1.3k,4.1
819,R Systems International,IT Services & Consulting,nan,"Promotions / Appraisal, Job Security, Company Culture",1.3k,3.5
820,OM Logistics,Logistics,"Job Security, Work Life Balance",Promotions / Appraisal,1.3k,3.9
821,AGS Transact Technologies,FinTech,nan,"Promotions / Appraisal, Salary & Benefits, Job Security",1.3k,2.8
822,Sigma Electric Manufacturing Corporation,Industrial Machinery,"Company Culture, Work Life Balance, Job Security",Promotions / Appraisal,1.3k,4.0
823,Baroda Global Shared Services,BPO,Work Life Balance,Promotions / Appraisal,1.3k,3.8
824,More Supermarket,Retail,nan,"Job Security, Promotions / Appraisal, Company Culture",1.3k,3.7
825,Luminous Power Technologies,Consumer Electronics & Appliances,"Work Life Balance, Company Culture, Job Security",nan,1.3k,4.1
826,Panasonic,Consumer Electronics & Appliances,"Work Life Balance, Salary & Benefits, Company Culture",Promotions / Appraisal,1.3k,4.0
827,Decathlon,Retail,"Job Security, Skill Development / Learning, Company Culture","Promotions / Appraisal, Work Life Balance, Salary & Benefits",1.3k,3.7
828,Troikaa Pharmaceuticals,Pharma,"Salary & Benefits, Work Life Balance, Skill Development / Learning",nan,1.2k,4.1
829,Dell EMC,IT Services & Consulting,"Work Life Balance, Company Culture",Promotions / Appraisal,1.2k,3.8
830,Jakson Group,Power,"Work Life Balance, Salary & Benefits, Company Culture",nan,1.2k,4.1
831,OpenText Technologies,Software Product,nan,"Promotions / Appraisal, Job Security, Work Satisfaction",1.2k,3.4
832,Automotive Manufacturers,Automobile,nan,Promotions / Appraisal,1.2k,3.9
833,Vestas,Power,"Company Culture, Work Life Balance, Work Satisfaction",Promotions / Appraisal,1.2k,4.1
834,Ion Exchange India,Waste Management,"Work Life Balance, Job Security","Promotions / Appraisal, Salary & Benefits",1.2k,3.8
835,Centre for Development of Advanced Computing,IT Services & Consulting,"Work Life Balance, Job Security","Promotions / Appraisal, Salary & Benefits, Company Culture",1.2k,3.7
836,ICICI Prudential Mutual Fund,Financial Services,"Skill Development / Learning, Work Life Balance, Job Security","Promotions / Appraisal, Salary & Benefits",1.2k,3.9
837,Tenneco,Auto Components,nan,"Promotions / Appraisal, Company Culture, Work Satisfaction",1.2k,3.6
838,Samsung Research,IT Services & Consulting,nan,"Promotions / Appraisal, Work Satisfaction, Skill Development / Learning",1.2k,3.1
839,ANZ Banking Group,Banking,"Work Life Balance, Company Culture","Promotions / Appraisal, Skill Development / Learning",1.2k,3.8
840,Globant,IT Services & Consulting,Work Life Balance,"Promotions / Appraisal, Job Security, Work Satisfaction",1.2k,3.4
841,Jindal X,BPO,nan,"Job Security, Promotions / Appraisal, Company Culture",1.2k,3.6
842,Electronics Corporation of India Limited,Electronics Manufacturing,"Work Life Balance, Company Culture, Work Satisfaction",nan,1.2k,4.2
843,Viraj Profiles,Iron & Steel,"Skill Development / Learning, Work Life Balance, Work Satisfaction",nan,1.2k,3.9
844,SKF,Auto Components,"Company Culture, Work Life Balance, Skill Development / Learning",Promotions / Appraisal,1.2k,4.0
845,SK Finance Limited,NBFC,nan,Promotions / Appraisal,1.2k,3.8
846,Astral Pipe,Building Material,"Work Life Balance, Job Security",Promotions / Appraisal,1.3k,4.0
847,Royal Migration Solutions,Other,"Company Culture, Work Life Balance, Work Satisfaction",nan,1.2k,4.9
848,Godrej Consumer Products,FMCG,"Company Culture, Work Life Balance, Job Security",Promotions / Appraisal,1.2k,4.0
849,Rupeek,FinTech,"Work Life Balance, Company Culture, Work Satisfaction",nan,1.2k,4.1
850,PNC Infratech,Engineering & Construction,nan,Promotions / Appraisal,1.2k,3.8
851,Fresenius Kabi,Pharma,"Work Life Balance, Company Culture, Job Security","Promotions / Appraisal, Salary & Benefits",1.2k,4.0
852,Oil And Natural Gas Corporation,Oil & Gas,"Work Life Balance, Company Culture, Work Satisfaction",nan,1.2k,4.4
853,NetAmbit,BPO,"Salary & Benefits, Company Culture, Work Life Balance",nan,1.2k,3.9
854,Intertek,"Testing, Inspection and Certification (TIC)",nan,"Promotions / Appraisal, Salary & Benefits",1.2k,3.7
855,iSON Xperiences,BPO,nan,"Promotions / Appraisal, Salary & Benefits, Company Culture",1.2k,3.2
856,T-Systems ICT India,IT Services & Consulting,Work Life Balance,Promotions / Appraisal,1.2k,3.8
857,Synchrony,Financial Services,"Job Security, Company Culture, Work Life Balance",Promotions / Appraisal,1.2k,4.3
858,Mu Sigma,Analytics & KPO,nan,"Work Life Balance, Job Security, Company Culture",1.2k,2.4
859,Apex Group,Financial Services,nan,"Promotions / Appraisal, Company Culture, Job Security",1.2k,2.7
860,Shriram Pistons & Rings,Auto Components,"Job Security, Company Culture, Work Life Balance",Promotions / Appraisal,1.2k,4.1
861,Spandana Sphoorty Financial,NBFC,nan,"Company Culture, Work Satisfaction, Job Security",1.2k,3.7
862,Aarvee Associates,Engineering & Construction,Work Life Balance,"Promotions / Appraisal, Company Culture, Skill Development / Learning",1.2k,3.7
863,AIIMS,Education & Training,"Skill Development / Learning, Work Satisfaction, Salary & Benefits",Promotions / Appraisal,1.2k,4.1
864,Zoho,Software Product,"Job Security, Company Culture, Work Life Balance",nan,1.2k,4.2
865,Prodapt,IT Services & Consulting,nan,"Promotions / Appraisal, Salary & Benefits, Work Satisfaction",1.2k,3.5
866,Qualcomm,Semiconductors,Salary & Benefits,"Promotions / Appraisal, Work Satisfaction, Work Life Balance",1.2k,3.7
867,H.G. Infra Engineering,Engineering & Construction,"Salary & Benefits, Skill Development / Learning, Company Culture",Job Security,1.2k,4.0
868,Kalpataru Limited,Real Estate,"Job Security, Work Life Balance, Skill Development / Learning",nan,1.2k,4.2
869,PHN Technology,EdTech,"Company Culture, Work Life Balance, Skill Development / Learning",nan,1.2k,4.3
870,Dassault Systemes,Software Product,"Job Security, Work Life Balance, Company Culture","Promotions / Appraisal, Salary & Benefits, Skill Development / Learning",1.2k,3.8
871,Wind World,Power,"Work Life Balance, Job Security, Work Satisfaction","Promotions / Appraisal, Salary & Benefits",1.2k,4.0
872,Best Sellers,Retail,"Company Culture, Work Life Balance, Skill Development / Learning",Promotions / Appraisal,1.2k,4.1
873,KIMS Hospital,Healthcare,Skill Development / Learning,"Promotions / Appraisal, Salary & Benefits",1.2k,3.8
874,Rockman Industries,Auto Components,"Job Security, Skill Development / Learning",nan,1.2k,3.8
875,Parexel International,Clinical Research,nan,"Promotions / Appraisal, Salary & Benefits",1.2k,3.8
876,DENSO,Auto Components,"Job Security, Company Culture, Work Life Balance",nan,1.2k,4.1
877,Leadec India,Facility Management Services,"Work Life Balance, Company Culture, Work Satisfaction",nan,1.2k,4.1
878,EbixCash Limited,Software Product,"Work Life Balance, Job Security","Promotions / Appraisal, Salary & Benefits, Skill Development / Learning",1.2k,3.7
879,FOCUS EDUMATICS,EdTech,nan,"Job Security, Promotions / Appraisal, Company Culture",1.2k,2.9
880,Fidelity Investments,Financial Services,"Company Culture, Work Life Balance, Job Security",Promotions / Appraisal,1.2k,4.1
881,Kirloskar Oil Engines,Industrial Machinery,"Work Life Balance, Company Culture, Work Satisfaction",Promotions / Appraisal,1.2k,4.1
882,Fidelity National Financial,Financial Services,Job Security,"Promotions / Appraisal, Work Satisfaction, Skill Development / Learning",1.2k,3.8
883,Diageo,Beverage,"Work Life Balance, Company Culture, Salary & Benefits","Promotions / Appraisal, Job Security",1.2k,3.8
884,ExcelR,Education & Training,nan,Promotions / Appraisal,1.2k,3.7
885,Intel,Semiconductors,"Work Life Balance, Company Culture, Work Satisfaction","Job Security, Promotions / Appraisal",1.2k,4.1
886,JK Lakshmi Cement,Building Material,nan,"Job Security, Promotions / Appraisal, Skill Development / Learning",1.2k,3.7
887,DLF,Real Estate,"Salary & Benefits, Work Life Balance",Promotions / Appraisal,1.2k,3.9
888,Ahluwalia Contracts India,Engineering & Construction,"Work Life Balance, Job Security, Salary & Benefits",nan,1.2k,4.0
889,JTEKT,Auto Components,"Company Culture, Job Security, Work Life Balance",Promotions / Appraisal,1.2k,4.1
890,Strides Pharma,Pharma,"Skill Development / Learning, Salary & Benefits","Promotions / Appraisal, Job Security",1.2k,3.9
891,Colliers India,Real Estate,"Work Life Balance, Salary & Benefits",Promotions / Appraisal,1.2k,3.9
892,ACG Worldwide,Pharma,nan,Promotions / Appraisal,1.2k,3.8
893,Barclays Shared Services,Financial Services,"Work Life Balance, Job Security","Promotions / Appraisal, Skill Development / Learning",1.2k,3.8
894,DP World,Logistics,Salary & Benefits,Promotions / Appraisal,1.2k,3.8
895,Baazar Retail Private Limited,Retail,"Company Culture, Work Life Balance, Job Security",nan,1.2k,4.5
896,Hire In Global,Recruitment,"Company Culture, Work Life Balance, Work Satisfaction",nan,1.2k,4.9
897,Xyz Company,Financial Services,"Company Culture, Work Life Balance, Job Security",nan,1.1k,3.8
898,The Jaypee Group,Engineering & Construction,"Job Security, Work Life Balance","Promotions / Appraisal, Salary & Benefits",1.1k,3.8
899,Thyrocare Technologies,Healthcare,nan,Promotions / Appraisal,1.1k,3.8
900,Indostar Capital Finance Limited,NBFC,"Company Culture, Work Life Balance, Work Satisfaction",nan,1.1k,4.4
901,Coca-Cola Company,Beverage,"Work Life Balance, Skill Development / Learning, Company Culture",Promotions / Appraisal,1.1k,4.0
902,Electronica Finance,NBFC,"Salary & Benefits, Work Life Balance, Company Culture",nan,1.1k,4.1
903,Salesforce,Software Product,"Salary & Benefits, Work Life Balance, Company Culture","Job Security, Promotions / Appraisal",1.1k,3.9
904,Nielsen,Analytics & KPO,nan,"Promotions / Appraisal, Job Security, Skill Development / Learning",1.1k,3.2
905,Ocwen Financial Solutions,Financial Services,"Company Culture, Work Life Balance","Promotions / Appraisal, Skill Development / Learning",1.1k,3.9
906,Edelweiss,Financial Services,nan,"Promotions / Appraisal, Work Satisfaction, Job Security",1.1k,3.6
907,DISH TV,Broadcasting,nan,"Promotions / Appraisal, Job Security, Work Satisfaction",1.1k,3.4
908,Johnson Lifts,Industrial Machinery,"Work Life Balance, Job Security",Promotions / Appraisal,1.1k,3.9
909,PayPal,FinTech,"Salary & Benefits, Work Life Balance, Company Culture","Promotions / Appraisal, Job Security, Skill Development / Learning",1.1k,3.7
910,Podar International School,Education & Training,"Skill Development / Learning, Company Culture, Job Security",nan,1.1k,4.1
911,Nilkamal,Furniture & Furnishing,nan,"Promotions / Appraisal, Skill Development / Learning, Company Culture",1.1k,3.6
912,Innova Solutions,IT Services & Consulting,nan,"Promotions / Appraisal, Job Security, Skill Development / Learning",1.1k,3.3
913,Apollo Health and Lifestyle Limited,Healthcare,"Job Security, Company Culture, Work Life Balance",nan,1.1k,4.3
914,Zetwerk,Industrial Machinery,"Salary & Benefits, Company Culture, Work Life Balance",Promotions / Appraisal,1.1k,4.0
915,HFCL Limited,Telecom,Work Life Balance,"Promotions / Appraisal, Salary & Benefits",1.1k,3.7
916,Bajaj Motors,Auto Components,"Skill Development / Learning, Work Life Balance, Company Culture",nan,1.1k,3.9
917,MDIndia Health Insurance TPA,Insurance,nan,"Promotions / Appraisal, Salary & Benefits",1.1k,3.6
918,Aparna Constructions and Estates,Real Estate,"Job Security, Skill Development / Learning, Salary & Benefits",Promotions / Appraisal,1.1k,3.9
919,Prism Johnson,Building Material,nan,"Promotions / Appraisal, Company Culture, Work Satisfaction",1.1k,3.7
920,Federal Bank,Banking,"Salary & Benefits, Job Security","Work Satisfaction, Promotions / Appraisal, Skill Development / Learning",1.1k,3.6
921,Schaeffler India,Auto Components,"Job Security, Work Life Balance, Company Culture",Promotions / Appraisal,1.1k,4.0
922,Meril,Medical Equipment,Job Security,"Promotions / Appraisal, Salary & Benefits, Work Satisfaction",1.1k,3.5
923,CaratLane - A Tata Product,Jewellery,"Skill Development / Learning, Company Culture, Job Security",Promotions / Appraisal,1.1k,4.0
924,Sri Chaitanya Techno Schools,Education & Training,nan,"Promotions / Appraisal, Salary & Benefits, Company Culture",1.1k,3.4
925,Birla Corporation,Building Material,"Job Security, Work Life Balance, Company Culture",nan,1.1k,4.1
926,Dhoot Transmission,Auto Components,nan,"Promotions / Appraisal, Salary & Benefits, Work Satisfaction",1.1k,3.7
927,Indira IVF Hospital,Healthcare,"Company Culture, Work Life Balance, Job Security",Promotions / Appraisal,1.1k,4.0
928,Biocon Biologics,Biotechnology,nan,"Promotions / Appraisal, Work Satisfaction, Salary & Benefits",1.1k,3.7
929,London Stock Exchange Group,Financial Services,Work Life Balance,"Promotions / Appraisal, Skill Development / Learning, Work Satisfaction",1.1k,3.7
930,NxtWave,EdTech,nan,"Job Security, Promotions / Appraisal, Work Life Balance",1.1k,3.4
931,Edelweiss Life Insurance,Insurance,nan,"Work Satisfaction, Promotions / Appraisal",1.1k,3.7
932,Imperial Auto Industries,Auto Components,nan,"Promotions / Appraisal, Salary & Benefits, Company Culture",1.1k,3.8
933,INDO-MIM,Metals & Mining,"Job Security, Company Culture, Work Life Balance",Promotions / Appraisal,1.1k,4.0
934,Piaggio,Automobile,nan,"Promotions / Appraisal, Job Security, Company Culture",1.1k,3.6
935,Barbeque Nation,Hospitality,"Company Culture, Job Security, Skill Development / Learning",nan,1.1k,3.9
936,Wistron,Electronics Manufacturing,"Job Security, Company Culture, Work Life Balance",Promotions / Appraisal,1.1k,4.0
937,Jacobs Engineering Group,Engineering & Construction,"Work Life Balance, Company Culture, Work Satisfaction",Promotions / Appraisal,1.1k,4.1
938,Aptiv,Auto Components,nan,"Promotions / Appraisal, Company Culture, Work Satisfaction",1.1k,3.4
939,Deccan Fine Chemicals,Agro Chemicals,nan,"Company Culture, Promotions / Appraisal, Work Satisfaction",1.1k,3.6
940,ICON Plc,Clinical Research,"Work Life Balance, Company Culture, Job Security",Promotions / Appraisal,1.1k,4.0
941,VMware Software,Software Product,"Salary & Benefits, Company Culture, Work Life Balance",nan,1.1k,4.4
942,Motilal Oswal Home Finance,NBFC,"Company Culture, Work Life Balance, Skill Development / Learning",nan,1.1k,4.3
943,Onward Technologies Inc,IT Services & Consulting,nan,"Job Security, Promotions / Appraisal, Skill Development / Learning",1.1k,2.9
944,Saipem,Engineering & Construction,"Job Security, Work Life Balance, Company Culture",Promotions / Appraisal,1.1k,4.2
945,Balkrishna Industries,Auto Components,"Salary & Benefits, Job Security, Work Life Balance",nan,1.1k,4.0
946,Hyundai Mobis,Auto Components,"Salary & Benefits, Job Security","Promotions / Appraisal, Company Culture, Work Satisfaction",1.1k,3.7
947,Kohler,Building Material,nan,"Promotions / Appraisal, Job Security, Work Satisfaction",1.1k,3.7
948,Advantmed,Healthcare,"Skill Development / Learning, Company Culture, Job Security",nan,1.1k,4.2
949,Sundaram Finance,NBFC,"Job Security, Company Culture, Work Life Balance","Promotions / Appraisal, Salary & Benefits",1.1k,4.0
950,Navitasys India,Electronics Manufacturing,"Job Security, Salary & Benefits, Company Culture",nan,1.1k,4.1
951,Jabil Circuit India,Electronics Manufacturing,"Company Culture, Skill Development / Learning, Job Security",Promotions / Appraisal,1.1k,4.0
952,Zydus Wellness,FMCG,"Salary & Benefits, Work Life Balance, Job Security",nan,1.1k,4.1
953,Unicharm,FMCG,Salary & Benefits,Promotions / Appraisal,1.1k,4.0
954,Wonder Home Finance,NBFC,"Company Culture, Skill Development / Learning, Work Life Balance",nan,1.1k,4.6
955,V2 Retail,Retail,nan,"Job Security, Company Culture, Work Satisfaction",1.1k,3.4
956,TK Elevator,Industrial Machinery,nan,Promotions / Appraisal,1.1k,3.8
957,Stanza Living,Internet,nan,"Promotions / Appraisal, Job Security, Company Culture",1.1k,3.0
958,Jet Airways,Aviation,"Work Satisfaction, Company Culture, Work Life Balance",nan,1.1k,4.6
959,Asirvad Microfinance,NBFC,"Work Life Balance, Promotions / Appraisal, Salary & Benefits",nan,1.1k,3.8
960,Hikal,Pharma,"Job Security, Work Life Balance","Promotions / Appraisal, Salary & Benefits",1.1k,3.8
961,Kirloskar Brothers,Industrial Machinery,Work Life Balance,"Promotions / Appraisal, Job Security",1.1k,3.8
962,Syngenta,Agriculture,"Work Life Balance, Company Culture, Skill Development / Learning",Promotions / Appraisal,1.1k,4.2
963,Sri Chaitanya Educational Institutions,Education & Training,nan,"Promotions / Appraisal, Salary & Benefits, Company Culture",1.1k,3.7
964,Air India Sats Airport Services,Aviation,nan,"Promotions / Appraisal, Salary & Benefits, Work Satisfaction",1.1k,3.6
965,Godrej Agrovet,Agriculture,"Company Culture, Job Security",Promotions / Appraisal,1.1k,3.9
966,Adani Ports and SEZ,Ports & Shipping,nan,"Promotions / Appraisal, Job Security, Company Culture",1.1k,3.6
967,GAIL,Oil & Gas,"Work Life Balance, Company Culture, Work Satisfaction",nan,1.1k,4.4
968,Svatantra Microfin,NBFC,"Company Culture, Job Security, Skill Development / Learning",nan,1.1k,3.9
969,CALIBEHR,IT Services & Consulting,"Company Culture, Skill Development / Learning",Promotions / Appraisal,1.1k,3.9
970,Tube Investments of India,Engineering & Construction,Job Security,"Promotions / Appraisal, Company Culture, Salary & Benefits",1.1k,3.8
971,Nexa,Automobile,Skill Development / Learning,"Job Security, Promotions / Appraisal",1.1k,3.9
972,MAHLE ANAND Filter Systems,Auto Components,"Job Security, Company Culture, Work Life Balance",Promotions / Appraisal,1.1k,4.0
973,Gmmco,Industrial Machinery,"Skill Development / Learning, Job Security, Work Life Balance",Promotions / Appraisal,1.1k,4.0
974,Vedanta Aluminium,Metals & Mining,"Salary & Benefits, Job Security","Company Culture, Work Satisfaction, Promotions / Appraisal",1.1k,3.8
975,Metropolis Healthcare,Healthcare,Skill Development / Learning,Promotions / Appraisal,1.1k,3.9
976,1point1 Solutions,BPO,nan,"Promotions / Appraisal, Salary & Benefits, Work Satisfaction",1k,3.3
977,MG Motor,Automobile,nan,Promotions / Appraisal,1k,3.8
978,Aarvi Encon,Recruitment,Salary & Benefits,"Promotions / Appraisal, Job Security",1.1k,3.9
979,Bajaj Capital Insurance Broking Limited,Insurance,"Company Culture, Skill Development / Learning, Work Life Balance",nan,1k,4.4
980,Vayona Energy,Power,"Work Life Balance, Company Culture",Promotions / Appraisal,1k,4.0
981,Knorr-Bremse,Auto Components,nan,"Promotions / Appraisal, Job Security, Work Satisfaction",1k,3.3
982,Power Grid Corporation of India,Power,"Company Culture, Salary & Benefits, Work Life Balance",nan,1k,4.3
983,HPCL-Mittal Energy Limited,Petrochemicals,"Work Life Balance, Job Security, Company Culture",Promotions / Appraisal,1k,4.3
984,Pernod Ricard,Beverage,Salary & Benefits,"Promotions / Appraisal, Work Satisfaction, Job Security",1k,3.5
985,Klm Axiva Finvest,NBFC,"Company Culture, Work Life Balance, Work Satisfaction",nan,1k,4.4
986,Spencer's Retail,Retail,nan,Promotions / Appraisal,1k,3.8
987,TÜV NORD,"Testing, Inspection and Certification (TIC)",nan,Promotions / Appraisal,1k,3.7
988,TKIL,Industrial Machinery,"Job Security, Company Culture, Work Life Balance",Promotions / Appraisal,1k,4.1
989,Zf Rane Automotive,Auto Components,"Skill Development / Learning, Job Security",Promotions / Appraisal,1k,3.9
990,Nippon Life India Asset Management,Financial Services,"Company Culture, Work Life Balance, Job Security",nan,1k,4.6
991,Bharat Sanchar Nigam,Telecom,"Work Life Balance, Job Security, Work Satisfaction","Promotions / Appraisal, Salary & Benefits",1k,3.9
992,Northcorp Software,IT Services & Consulting,"Company Culture, Work Life Balance, Work Satisfaction",nan,1k,4.8
993,Kinara Capital,NBFC,"Company Culture, Work Life Balance, Work Satisfaction",nan,1k,4.2
994,Thermo Fisher Scientific,Biotechnology,nan,Promotions / Appraisal,1k,3.7
995,Dana Anand,Auto Components,"Job Security, Company Culture, Skill Development / Learning",Promotions / Appraisal,1k,4.0
996,GlobalData,Analytics & KPO,nan,"Promotions / Appraisal, Salary & Benefits, Skill Development / Learning",1k,3.4
997,Tata Capital Housing Finance,NBFC,"Skill Development / Learning, Salary & Benefits, Company Culture",Promotions / Appraisal,1k,4.0
998,Aspire Systems,IT Services & Consulting,"Job Security, Company Culture, Work Life Balance","Promotions / Appraisal, Salary & Benefits",1k,3.8
999,Hindustan Zinc,Metals & Mining,Salary & Benefits,"Company Culture, Work Life Balance, Promotions / Appraisal",1k,3.8
1000,Greenko Group,Power,"Job Security, Work Life Balance",Promotions / Appraisal,1k,3.9
1001,Ceasefire Industries,Industrial Machinery,nan,"Promotions / Appraisal, Work Satisfaction, Job Security",1k,3.1
1002,Wheels,Auto Components,"Job Security, Skill Development / Learning","Promotions / Appraisal, Salary & Benefits",1k,3.9
1003,ValueMomentum,IT Services & Consulting,nan,"Promotions / Appraisal, Company Culture, Work Satisfaction",1k,3.2
1004,Gharda Chemicals Limited,Agro Chemicals,"Job Security, Work Life Balance, Skill Development / Learning",Promotions / Appraisal,1k,3.9
1005,Amara Raja Group,Auto Components,"Job Security, Company Culture, Work Life Balance",Promotions / Appraisal,1k,4.1
1006,SYSKA LED Lights,Consumer Electronics & Appliances,nan,"Promotions / Appraisal, Salary & Benefits, Company Culture",1k,2.9
1007,Sahara India Pariwar,Broadcasting,Work Life Balance,"Promotions / Appraisal, Salary & Benefits",1k,3.8
1008,Incheon Motors,Automobile,"Company Culture, Job Security, Skill Development / Learning",nan,1k,4.7
1009,Netcracker Technology,IT Services & Consulting,nan,"Promotions / Appraisal, Job Security, Company Culture",1k,3.0
1010,BirlaNu,Building Material,Salary & Benefits,Promotions / Appraisal,1k,3.9
1011,Otis Elevator,Industrial Machinery,"Work Life Balance, Job Security, Company Culture",Promotions / Appraisal,1k,4.1
1012,Lakshmi Machine Works,Industrial Machinery,Job Security,Promotions / Appraisal,1k,3.8
1013,iQor Global Services,BPO,nan,"Promotions / Appraisal, Job Security, Work Satisfaction",1k,3.3
1014,IIFL Home Finance,NBFC,Work Life Balance,Promotions / Appraisal,1.1k,3.8
1015,Vistaar Finance,NBFC,"Salary & Benefits, Work Life Balance",nan,1k,3.9
1016,Crompton Greaves Consumer Electricals,Consumer Electronics & Appliances,Salary & Benefits,"Promotions / Appraisal, Company Culture, Work Satisfaction",1k,3.7
1017,Fractal Analytics,Analytics & KPO,"Company Culture, Job Security, Work Life Balance",Promotions / Appraisal,1k,4.0
1018,Hitachi Energy,Power,"Job Security, Work Life Balance, Company Culture",Promotions / Appraisal,1k,4.1
1019,Allianz Technology,IT Services & Consulting,"Work Life Balance, Company Culture, Job Security",Promotions / Appraisal,1k,4.0
1020,Uber,Internet,"Work Life Balance, Company Culture, Salary & Benefits",Promotions / Appraisal,1k,4.1
1021,Temenos,Software Product,nan,"Promotions / Appraisal, Job Security, Skill Development / Learning",1k,3.2
1022,Vertiv,Electronics Manufacturing,"Job Security, Work Life Balance",Promotions / Appraisal,1k,3.9
1023,Encora,IT Services & Consulting,nan,"Promotions / Appraisal, Job Security, Work Satisfaction",1k,3.4
1024,Suzuki Motorcycle,Automobile,"Job Security, Work Life Balance, Company Culture",Promotions / Appraisal,1k,4.0
1025,SitusAMC,Financial Services,nan,"Promotions / Appraisal, Company Culture, Skill Development / Learning",1k,3.3
1026,NBC Bearings,Auto Components,"Job Security, Work Life Balance, Company Culture","Promotions / Appraisal, Salary & Benefits",1k,3.9
1027,Malabar Gold and Diamonds,Jewellery,"Job Security, Company Culture, Skill Development / Learning",nan,999,4.0
1028,IB Group,Food Processing,nan,"Promotions / Appraisal, Job Security",998,3.8
1029,TradeIndia (Infocom Network Private Limited),Internet,nan,"Promotions / Appraisal, Work Satisfaction, Job Security",999,3.4
1030,Lemon Tree Hotels,Hospitality,"Company Culture, Job Security, Work Life Balance",nan,998,4.0
1031,GVPR Engineers,Engineering & Construction,Salary & Benefits,"Promotions / Appraisal, Job Security, Skill Development / Learning",997,3.7
1032,ALLEN Career Institute,Education & Training,Work Life Balance,Promotions / Appraisal,998,3.8
1033,MakeMyTrip,Internet,nan,"Promotions / Appraisal, Work Satisfaction, Salary & Benefits",999,3.4
1034,Shyam Steel Group,Iron & Steel,nan,"Promotions / Appraisal, Work Satisfaction, Job Security",995,3.5
1035,Visionet Systems,IT Services & Consulting,nan,"Promotions / Appraisal, Salary & Benefits, Work Satisfaction",994,3.3
1036,Perfetti Van Melle,FMCG,"Company Culture, Work Life Balance, Work Satisfaction",Promotions / Appraisal,993,4.2
1037,SLMG Beverages,Beverage,"Work Life Balance, Skill Development / Learning",Promotions / Appraisal,993,3.9
1038,Westside,Retail,"Job Security, Skill Development / Learning",Promotions / Appraisal,990,3.8
1039,Hinduja Housing Finance,NBFC,nan,"Promotions / Appraisal, Company Culture",991,3.7
1040,Syrma SGS Technologies,Electronics Manufacturing,"Job Security, Company Culture, Work Life Balance",Promotions / Appraisal,988,4.0
1041,eClinicalWorks,Software Product,Job Security,"Promotions / Appraisal, Skill Development / Learning, Work Satisfaction",988,3.6
1042,Secure Meters,Electronics Manufacturing,"Company Culture, Job Security, Work Life Balance","Promotions / Appraisal, Salary & Benefits",986,3.9
1043,Bounteous x Accolite,IT Services & Consulting,nan,"Promotions / Appraisal, Company Culture, Work Satisfaction",987,3.2
1044,CarDekho Group,Internet,nan,"Promotions / Appraisal, Job Security, Work Satisfaction",986,3.7
1045,United Breweries,Beverage,nan,"Promotions / Appraisal, Job Security, Company Culture",986,3.3
1046,AstraZeneca,Pharma,"Work Life Balance, Salary & Benefits, Company Culture",Promotions / Appraisal,985,3.9
1047,Hitachi Payment Services,FinTech,nan,"Promotions / Appraisal, Salary & Benefits, Company Culture",985,3.6
1048,Atlas Copco,Industrial Machinery,"Company Culture, Job Security, Work Life Balance",Promotions / Appraisal,984,4.1
1049,JW Marriott,Hospitality,"Job Security, Skill Development / Learning, Company Culture",nan,983,4.2
1050,Colgate Palmolive,FMCG,"Company Culture, Work Life Balance, Job Security",Promotions / Appraisal,988,4.0
1051,Innodata India Private Limited,IT Services & Consulting,nan,"Promotions / Appraisal, Job Security, Skill Development / Learning",982,3.5
1052,Pristyn Care,Internet,nan,"Work Life Balance, Job Security, Work Satisfaction",981,3.2
1053,Fortrea Development India Private Limited,Clinical Research,"Company Culture, Work Life Balance",Promotions / Appraisal,982,3.9
1054,Tata Cummins,Auto Components,"Company Culture, Work Life Balance, Work Satisfaction",Promotions / Appraisal,981,4.4
1055,Mastek,IT Services & Consulting,nan,"Promotions / Appraisal, Salary & Benefits, Work Satisfaction",981,3.6
1056,Thomas Cook,Travel & Tourism,"Job Security, Company Culture, Skill Development / Learning",Promotions / Appraisal,980,4.0
1057,QX Global Group,BPO,nan,"Promotions / Appraisal, Work Satisfaction, Salary & Benefits",980,3.1
1058,ALTEN,IT Services & Consulting,Work Life Balance,"Promotions / Appraisal, Skill Development / Learning, Job Security",977,3.6
1059,Comviva Technology,Software Product,nan,"Promotions / Appraisal, Work Satisfaction, Salary & Benefits",976,2.9
1060,Star Cement,Building Material,"Job Security, Work Life Balance, Company Culture",Promotions / Appraisal,976,4.0
1061,Collins Aerospace,Defence & Aerospace,"Work Life Balance, Job Security","Promotions / Appraisal, Work Satisfaction",976,3.8
1062,Amazon Web Services,IT Services & Consulting,Salary & Benefits,"Job Security, Promotions / Appraisal, Work Satisfaction",975,3.8
1063,Škoda Auto Volkswagen,Automobile,"Work Life Balance, Company Culture",Promotions / Appraisal,974,3.9
1064,Rebel Foods,Hospitality,nan,"Promotions / Appraisal, Work Satisfaction, Work Life Balance",973,3.7
1065,Cult.fit,Fitness & Wellness,nan,"Promotions / Appraisal, Job Security, Work Satisfaction",972,3.6
1066,Mahindra Automotives,Automobile,"Job Security, Skill Development / Learning",Promotions / Appraisal,969,3.8
1067,Aparajitha Corporate Services,Legal,Skill Development / Learning,"Promotions / Appraisal, Salary & Benefits",969,3.8
1068,Everest Industries,Building Material,Work Life Balance,Promotions / Appraisal,968,3.8
1069,Vaco Binary Semantics,IT Services & Consulting,nan,"Promotions / Appraisal, Skill Development / Learning, Work Satisfaction",968,3.1
1070,Arohan Financial Services,NBFC,Salary & Benefits,Promotions / Appraisal,967,3.9
1071,Altisource,Real Estate,nan,"Promotions / Appraisal, Job Security, Skill Development / Learning",966,3.5
1072,C&S Electric,Electrical Equipment,"Job Security, Work Life Balance",Promotions / Appraisal,967,4.0
1073,Unity Small Finance Bank,Banking,nan,"Promotions / Appraisal, Job Security, Company Culture",1k,3.6
1074,Pizza Hut,Hospitality,"Skill Development / Learning, Company Culture, Work Life Balance",nan,965,4.0
1075,Softenger,IT Services & Consulting,"Company Culture, Work Life Balance, Work Satisfaction",Promotions / Appraisal,965,3.9
1076,Xebia,IT Services & Consulting,nan,"Promotions / Appraisal, Job Security, Company Culture",965,3.1
1077,Hiranandani Financial Services,NBFC,"Company Culture, Work Life Balance, Work Satisfaction",nan,964,4.4
1078,MasterCard,FinTech,"Company Culture, Work Life Balance, Salary & Benefits",Promotions / Appraisal,963,3.8
1079,VIP Industries,Retail,nan,"Promotions / Appraisal, Job Security, Company Culture",960,3.8
1080,Kendriya Vidyalaya Sangathan,Education & Training,"Work Life Balance, Skill Development / Learning, Company Culture","Promotions / Appraisal, Job Security",960,4.3
1081,VIP Industries,Retail,nan,"Promotions / Appraisal, Job Security, Company Culture",960,3.8
1082,TechnipFMC,Engineering & Construction,"Work Life Balance, Company Culture, Job Security",Promotions / Appraisal,960,3.9
1083,Siemens Energy,Power,"Work Life Balance, Job Security, Company Culture",Promotions / Appraisal,959,4.1
1084,Natco Pharma,Pharma,"Work Life Balance, Salary & Benefits, Job Security",Promotions / Appraisal,959,4.0
1085,Nasser S. Al Hajri Corporation,Engineering & Construction,Job Security,"Company Culture, Promotions / Appraisal, Salary & Benefits",955,3.6
1086,Petrofac,Oil & Gas,"Salary & Benefits, Company Culture, Work Life Balance",Job Security,955,4.2
1087,Napino Auto & Electronics,Auto Components,nan,Promotions / Appraisal,955,3.8
1088,Lowe's,Retail,"Company Culture, Work Life Balance, Job Security",Promotions / Appraisal,955,4.1
1089,Wonder Cement,Building Material,"Salary & Benefits, Company Culture, Work Life Balance",nan,954,4.2
1090,Merino Industries,Building Material,nan,Promotions / Appraisal,955,3.8
1091,Capacit'e Infraprojects,Engineering & Construction,nan,"Promotions / Appraisal, Company Culture, Work Life Balance",953,3.7
1092,Jyothy Labs,FMCG,"Salary & Benefits, Company Culture, Work Life Balance",nan,952,4.1
1093,Lumina Datamatics,IT Services & Consulting,nan,"Promotions / Appraisal, Salary & Benefits, Work Satisfaction",951,3.2
1094,Pricol,Auto Components,"Skill Development / Learning, Company Culture, Work Life Balance",Promotions / Appraisal,950,3.9
1095,Episource,IT Services & Consulting,"Company Culture, Job Security, Skill Development / Learning","Promotions / Appraisal, Salary & Benefits",950,3.9
1096,Quantiphi Analytics Solutions Private Limited,IT Services & Consulting,nan,"Job Security, Work Life Balance, Promotions / Appraisal",950,3.1
1097,LOREAL,Beauty & Personal Care,Salary & Benefits,Promotions / Appraisal,949,3.8
1098,Tiger Analytics,IT Services & Consulting,nan,Promotions / Appraisal,951,3.7
1099,Gannon Dunkerley & Co.,Engineering & Construction,nan,"Salary & Benefits, Promotions / Appraisal, Company Culture",948,3.4
1100,General Mills,Food Processing,"Work Life Balance, Company Culture, Job Security",Promotions / Appraisal,947,4.1
1101,Yokohama Off-Highway Tires,Auto Components,nan,"Promotions / Appraisal, Salary & Benefits, Company Culture",946,3.7
1102,J B Chemicals And Pharmaceuticals,Pharma,nan,Promotions / Appraisal,946,3.9
1103,JSW Group,Iron & Steel,"Job Security, Skill Development / Learning",Promotions / Appraisal,945,3.8
1104,Mando Automotive,Auto Components,"Job Security, Skill Development / Learning, Company Culture",Promotions / Appraisal,944,4.0
1105,Financial Software & Systems,Software Product,nan,"Promotions / Appraisal, Salary & Benefits, Work Satisfaction",942,3.6
1106,Jubilant Pharmova,Pharma,nan,Promotions / Appraisal,941,3.7
1107,Defence Research & Development Organisation,Defence & Aerospace,"Work Life Balance, Company Culture, Work Satisfaction",nan,939,4.5
1108,Salcomp Manufacturing,Electronics Manufacturing,"Job Security, Skill Development / Learning, Work Life Balance",Promotions / Appraisal,935,4.0
1109,Technip Energies,Engineering & Construction,"Company Culture, Work Life Balance, Job Security",Promotions / Appraisal,935,4.1
1110,Shriram General Insurance,Insurance,nan,"Promotions / Appraisal, Salary & Benefits, Company Culture",933,3.6
1111,Hathway,Telecom,nan,"Promotions / Appraisal, Skill Development / Learning, Work Satisfaction",932,3.4
1112,Velocis Systems,IT Services & Consulting,"Work Life Balance, Job Security",Promotions / Appraisal,932,3.8
1113,KEI Industries,Electrical Equipment,"Salary & Benefits, Job Security, Work Life Balance",nan,932,4.2
1114,Guidehouse,Management Consulting,Salary & Benefits,"Promotions / Appraisal, Work Satisfaction, Skill Development / Learning",931,3.6
1115,BDR Pharmaceuticals International,Pharma,"Company Culture, Job Security, Skill Development / Learning",nan,931,4.1
1116,ICCS,BPO,nan,"Promotions / Appraisal, Job Security, Company Culture",930,3.1
1117,Amphenol Interconnect,Electrical Equipment,"Work Life Balance, Company Culture, Job Security",nan,930,4.3
1118,Pramerica Life Insurance,Insurance,Work Life Balance,"Promotions / Appraisal, Job Security, Skill Development / Learning",930,3.6
1119,National Payments Corporation of India,FinTech,"Job Security, Skill Development / Learning, Work Life Balance",nan,932,4.0
1120,Tikona Infinet,Telecom,nan,"Promotions / Appraisal, Salary & Benefits, Job Security",929,3.5
1121,Astral Adhesives,Chemicals,Salary & Benefits,Promotions / Appraisal,929,3.9
1122,FLSmidth,Industrial Machinery,Work Life Balance,"Job Security, Promotions / Appraisal, Skill Development / Learning",928,3.5
1123,Skipper,Industrial Machinery,nan,Promotions / Appraisal,929,3.8
1124,Timken,Industrial Machinery,nan,"Promotions / Appraisal, Salary & Benefits",927,3.9
1125,VeeTechnologies,IT Services & Consulting,"Job Security, Work Life Balance",Promotions / Appraisal,927,3.8
1126,Jaro Education,EdTech,nan,"Work Life Balance, Company Culture, Work Satisfaction",927,3.2
1127,Aircel,Telecom,"Company Culture, Work Life Balance, Work Satisfaction",nan,927,4.4
1128,Sandhar Technologies,Auto Components,nan,Promotions / Appraisal,926,3.8
1129,Marsh McLennan,Management Consulting,"Work Life Balance, Job Security, Company Culture",Promotions / Appraisal,926,3.9
1130,Naukri,Internet,"Job Security, Company Culture, Work Life Balance",nan,923,4.2
1131,Signify,Consumer Electronics & Appliances,nan,"Promotions / Appraisal, Work Satisfaction, Job Security",922,3.4
1132,Reliance Power,Power,"Job Security, Work Life Balance, Work Satisfaction",nan,921,4.1
1133,Aristo Pharmaceuticals,Pharma,"Work Life Balance, Job Security, Company Culture",Promotions / Appraisal,921,4.0
1134,Psp Projects,Engineering & Construction,Skill Development / Learning,Promotions / Appraisal,921,3.9
1135,Bhanzu,EdTech,Skill Development / Learning,nan,919,3.8
1136,SFO Technologies,Electronics Manufacturing,nan,"Promotions / Appraisal, Salary & Benefits, Company Culture",918,3.4
1137,Adani Enterprises,Metals & Mining,Job Security,"Promotions / Appraisal, Work Satisfaction, Company Culture",916,3.7
1138,Amazon Sellers Services,Internet,"Salary & Benefits, Company Culture, Work Life Balance",Promotions / Appraisal,915,4.0
1139,Sundaram Clayton,Auto Components,"Skill Development / Learning, Salary & Benefits","Job Security, Promotions / Appraisal",913,3.9
1140,KMV Projects Limited,Engineering & Construction,"Salary & Benefits, Company Culture, Work Satisfaction",nan,912,4.2
1141,Bayer,Pharma,"Work Life Balance, Company Culture, Work Satisfaction",Promotions / Appraisal,911,4.1
1142,Godfrey Phillips India,FMCG,"Work Life Balance, Job Security, Company Culture",Promotions / Appraisal,911,4.0
1143,Knight Frank,Real Estate,"Company Culture, Work Life Balance, Work Satisfaction",nan,909,4.1
1144,Test Yantra Software Solutions,IT Services & Consulting,nan,"Promotions / Appraisal, Company Culture, Job Security",908,3.1
1145,Nityo Infotech,IT Services & Consulting,nan,"Promotions / Appraisal, Job Security, Skill Development / Learning",906,3.3
1146,Tafe Motors & Tractors,Industrial Machinery,"Company Culture, Work Life Balance","Promotions / Appraisal, Salary & Benefits",905,3.9
1147,Navayuga Engineering Company,Engineering & Construction,nan,Promotions / Appraisal,906,3.9
1148,Deepak Fertilisers and Petrochemicals,Chemicals,"Job Security, Work Life Balance, Skill Development / Learning",nan,905,4.1
1149,GE Healthcare,Medical Equipment,"Company Culture, Work Life Balance, Job Security",Promotions / Appraisal,905,3.9
1150,Apotex Research,Pharma,Work Life Balance,"Promotions / Appraisal, Job Security",905,3.8
1151,Xceedance,IT Services & Consulting,nan,"Promotions / Appraisal, Salary & Benefits, Work Satisfaction",906,3.6
1152,Netscribes,Analytics & KPO,nan,"Promotions / Appraisal, Job Security, Salary & Benefits",903,2.7
1153,Nirma,FMCG,"Job Security, Work Life Balance, Company Culture",Promotions / Appraisal,903,4.2
1154,Volvo,Automobile,"Work Life Balance, Job Security, Company Culture","Promotions / Appraisal, Salary & Benefits",901,4.0
1155,Experis IT,Recruitment,nan,"Promotions / Appraisal, Job Security, Skill Development / Learning",903,3.0
1156,Neel Metal Products,Auto Components,"Job Security, Skill Development / Learning, Work Life Balance",Promotions / Appraisal,900,4.1
1157,Aviva Life Insurance India,Insurance,nan,"Job Security, Promotions / Appraisal, Work Satisfaction",896,3.5
1158,HomeLane,Architecture & Interior Design,nan,"Job Security, Promotions / Appraisal, Work Life Balance",895,3.3
1159,Egis India Consulting Engineers,Engineering & Construction,"Work Life Balance, Company Culture, Work Satisfaction",nan,895,4.2
1160,Steag Energy Services,Power,"Job Security, Work Life Balance, Company Culture",nan,894,4.3
1161,Schlumberger,Oil & Gas,"Work Life Balance, Company Culture","Promotions / Appraisal, Job Security, Work Satisfaction",894,3.8
1162,Medhaj Techno Concept,Management Consulting,"Work Life Balance, Company Culture, Work Satisfaction","Promotions / Appraisal, Job Security",894,4.0
1163,SKH Metals,Auto Components,"Company Culture, Work Life Balance, Skill Development / Learning",nan,894,4.0
1164,OCS Group,Facility Management Services,"Work Life Balance, Company Culture, Work Satisfaction",nan,893,4.1
1165,Volkswagen,Automobile,"Work Life Balance, Company Culture, Work Satisfaction",Promotions / Appraisal,893,4.2
1166,Bosch Chassis Systems,Auto Components,"Company Culture, Work Life Balance, Work Satisfaction",Promotions / Appraisal,892,4.1
1167,Medha Servo Drives,Electrical Equipment,"Job Security, Skill Development / Learning, Company Culture",nan,892,4.3
1168,CIEL HR,Recruitment,"Work Life Balance, Company Culture",Promotions / Appraisal,891,3.9
1169,AJIO,Internet,nan,"Promotions / Appraisal, Company Culture, Work Satisfaction",890,3.6
1170,Yashoda Hospitals,Healthcare,"Company Culture, Skill Development / Learning",Promotions / Appraisal,888,3.9
1171,Re Sustainability Limited,Waste Management,"Job Security, Work Life Balance",Promotions / Appraisal,887,3.8
1172,Birla Opus,Chemicals,"Skill Development / Learning, Company Culture, Work Life Balance",Promotions / Appraisal,888,4.0
1173,Target,Retail,"Work Life Balance, Company Culture, Job Security",Promotions / Appraisal,888,4.0
1174,Ashirvad Pipes,Building Material,"Salary & Benefits, Skill Development / Learning",Promotions / Appraisal,885,3.9
1175,BGR Energy Systems,Engineering & Construction,Work Life Balance,"Promotions / Appraisal, Salary & Benefits",885,3.8
1176,Vedanta Resources,Metals & Mining,"Salary & Benefits, Job Security","Company Culture, Promotions / Appraisal, Work Life Balance",886,3.7
1177,HT Media,Media & Entertainment,nan,"Promotions / Appraisal, Work Satisfaction, Skill Development / Learning",884,3.1
1178,Michelin,Auto Components,"Work Life Balance, Job Security, Company Culture","Promotions / Appraisal, Salary & Benefits",883,3.8
1179,Alok Industries,Fashion & Textile,nan,"Promotions / Appraisal, Salary & Benefits, Company Culture",882,3.5
1180,LanceSoft,Recruitment,nan,"Promotions / Appraisal, Job Security, Work Satisfaction",880,3.3
1181,Tata Chemicals,Chemicals,"Job Security, Work Life Balance, Skill Development / Learning",Promotions / Appraisal,878,3.9
1182,Updater Services,Facility Management Services,nan,"Promotions / Appraisal, Job Security, Company Culture",878,3.7
1183,Musashi Auto Parts,Auto Components,nan,Promotions / Appraisal,877,3.9
1184,TNQ Tech Private Limited,Printing & Publishing,nan,"Promotions / Appraisal, Salary & Benefits, Work Satisfaction",877,3.5
1185,Vijay Sales,Retail,"Job Security, Salary & Benefits, Company Culture",nan,876,4.2
1186,Regulated Council of Immigration Consultants,Other,"Company Culture, Work Life Balance, Work Satisfaction",nan,874,4.9
1187,JSW Paints,Chemicals,nan,Promotions / Appraisal,873,3.8
1188,Marks & Spencer,Retail,"Job Security, Work Life Balance, Company Culture",Promotions / Appraisal,872,3.9
1189,FastInfo,Internet,"Company Culture, Work Satisfaction, Skill Development / Learning",nan,869,4.1
1190,Orient Electric,Consumer Electronics & Appliances,nan,"Promotions / Appraisal, Work Satisfaction, Job Security",869,3.7
1191,ACL Digital,IT Services & Consulting,nan,"Promotions / Appraisal, Job Security, Skill Development / Learning",866,3.6
1192,C.R.I. Pumps,Industrial Machinery,Skill Development / Learning,Promotions / Appraisal,865,3.9
1193,Next Education India,EdTech,nan,"Promotions / Appraisal, Job Security, Salary & Benefits",865,3.2
1194,Centum Electronics,Electronics Manufacturing,Job Security,"Promotions / Appraisal, Salary & Benefits, Company Culture",864,3.5
1195,"Commonwealth Bank of Australia, India",Financial Services,Salary & Benefits,"Promotions / Appraisal, Job Security, Work Satisfaction",863,2.8
1196,Carborundum Universal Limited,Industrial Machinery,nan,"Promotions / Appraisal, Work Satisfaction",863,3.7
1197,Sona Comstar,Auto Components,"Company Culture, Work Life Balance, Job Security",Promotions / Appraisal,863,4.0
1198,Greenlam Industries,Furniture & Furnishing,"Work Life Balance, Job Security, Salary & Benefits",nan,863,4.1
1199,RAMTeCH Software Solutions,IT Services & Consulting,Job Security,"Promotions / Appraisal, Company Culture, Salary & Benefits",862,3.7
1200,Wakefit,Furniture & Furnishing,"Salary & Benefits, Work Life Balance, Skill Development / Learning",nan,863,4.0
1201,MAS Financial Services,NBFC,nan,Promotions / Appraisal,861,3.7
1202,Tata Starbucks,Hospitality,"Job Security, Company Culture, Work Life Balance",Promotions / Appraisal,859,4.0
1203,Acme Cleantech Solutions,Power,"Salary & Benefits, Work Life Balance, Work Satisfaction",nan,858,4.0
1204,Future Focus Infotech,IT Services & Consulting,nan,"Promotions / Appraisal, Job Security, Skill Development / Learning",858,3.4
1205,National Health Mission,Healthcare,nan,"Promotions / Appraisal, Salary & Benefits, Job Security",858,3.4
1206,Parekh Integrated Services,Logistics,"Company Culture, Work Life Balance, Job Security",Promotions / Appraisal,857,4.1
1207,Magna International,Auto Components,Work Life Balance,Promotions / Appraisal,856,3.8
1208,Athena BPO,BPO,nan,"Promotions / Appraisal, Salary & Benefits, Work Satisfaction",855,3.3
1209,Silaris Informations,BPO,nan,"Promotions / Appraisal, Salary & Benefits, Company Culture",855,3.0
1210,Bechtel,Engineering & Construction,"Salary & Benefits, Company Culture, Work Life Balance","Job Security, Promotions / Appraisal",853,3.9
1211,Intellipaat Software Solutions,EdTech,"Skill Development / Learning, Salary & Benefits",nan,861,3.8
1212,Precision Infomatic M Pvt Ltd,IT Services & Consulting,Job Security,"Promotions / Appraisal, Salary & Benefits",852,3.8
1213,Ageas Federal Life Insurance,Insurance,nan,"Promotions / Appraisal, Work Satisfaction, Job Security",852,3.5
1214,WSP,Management Consulting,"Work Life Balance, Company Culture, Job Security",Promotions / Appraisal,851,4.2
1215,Shilpa Medicare,Pharma,nan,"Company Culture, Job Security, Work Satisfaction",850,3.4
1216,Apar Industries,Semiconductors,"Work Life Balance, Job Security, Salary & Benefits",nan,850,4.0
1217,M3M India,Real Estate,"Salary & Benefits, Work Life Balance, Company Culture",nan,850,4.0
1218,LEAD School,EdTech,nan,"Job Security, Promotions / Appraisal, Work Satisfaction",849,3.3
1219,Motherson Sumi Wiring,Electrical Equipment,Job Security,"Company Culture, Work Satisfaction, Promotions / Appraisal",904,3.7
1220,H&M,Fashion & Textile,"Work Life Balance, Company Culture, Job Security",Promotions / Appraisal,848,3.9
1221,Torry Harris Integration Solutions,IT Services & Consulting,"Work Life Balance, Company Culture, Skill Development / Learning",Promotions / Appraisal,847,4.2
1222,Fedbank Financial Services,NBFC,"Work Life Balance, Salary & Benefits, Company Culture",nan,846,4.0
1223,Mahindra First Choice Wheels,Internet,nan,Promotions / Appraisal,845,3.8
1224,Panacea Biotec,Biotechnology,nan,"Promotions / Appraisal, Job Security, Skill Development / Learning",845,3.6
1225,Porter,Internet,nan,"Promotions / Appraisal, Job Security, Skill Development / Learning",846,3.5
1226,IDEMIA,Electronics Manufacturing,"Work Life Balance, Job Security","Promotions / Appraisal, Salary & Benefits",846,3.9
1227,Serco,Analytics & KPO,"Company Culture, Work Satisfaction, Skill Development / Learning",nan,844,4.2
1228,Tata Hitachi Construction Machinery,Industrial Machinery,"Job Security, Work Life Balance, Company Culture",Promotions / Appraisal,844,4.0
1229,Rico Auto Industries,Auto Components,nan,Promotions / Appraisal,844,3.8
1230,Nlb Services,Recruitment,nan,"Promotions / Appraisal, Job Security, Skill Development / Learning",843,3.6
1231,Wipro PARI,Industrial Automation,nan,"Promotions / Appraisal, Company Culture, Work Life Balance",844,3.2
1232,Swaraj Tractors,Automobile,"Job Security, Company Culture, Work Life Balance",Promotions / Appraisal,842,4.0
1233,Jaya Hind Industries,Auto Components,nan,"Promotions / Appraisal, Job Security, Company Culture",842,3.7
1234,MOURI Tech,IT Services & Consulting,nan,"Promotions / Appraisal, Job Security, Salary & Benefits",842,3.6
1235,Epsilon,Marketing & Advertising,"Company Culture, Work Life Balance","Promotions / Appraisal, Skill Development / Learning, Work Satisfaction",842,3.6
1236,Ups Logistics,Logistics,nan,"Promotions / Appraisal, Skill Development / Learning, Work Satisfaction",841,3.6
1237,Zudio,Retail,"Job Security, Skill Development / Learning, Salary & Benefits",nan,838,3.8
1238,Mahindra Tractors,Automobile,"Company Culture, Skill Development / Learning, Work Life Balance",Promotions / Appraisal,837,4.1
1239,Bank of India,Banking,"Job Security, Salary & Benefits",nan,837,3.9
1240,Satya MicroCapital,NBFC,Salary & Benefits,"Work Life Balance, Work Satisfaction, Job Security",838,3.6
1241,Parag Milk Foods,Food Processing,"Company Culture, Work Life Balance, Work Satisfaction",nan,836,4.0
1242,Impact Infotech Pvt. Ltd.,IT Services & Consulting,nan,"Promotions / Appraisal, Job Security, Salary & Benefits",835,3.4
1243,Nibav Lifts,Industrial Machinery,"Salary & Benefits, Work Satisfaction, Skill Development / Learning",nan,834,4.0
1244,KGISL,IT Services & Consulting,nan,"Promotions / Appraisal, Salary & Benefits, Work Satisfaction",834,3.0
1245,Rohan Builders,Real Estate,"Job Security, Skill Development / Learning, Salary & Benefits",nan,834,4.1
1246,Arvind Lifestyle Brands,Retail,"Company Culture, Work Life Balance, Skill Development / Learning",Promotions / Appraisal,832,4.0
1247,Duck Creek Technologies,Software Product,"Company Culture, Work Life Balance, Work Satisfaction",nan,831,4.6
1248,Truhome Finance,Financial Services,nan,"Promotions / Appraisal, Work Satisfaction, Job Security",832,3.7
1249,AuthBridge Research Services,IT Services & Consulting,nan,"Promotions / Appraisal, Job Security, Skill Development / Learning",831,3.2
1250,Shaktiman Tirth Agro Technology,Industrial Machinery,"Job Security, Work Life Balance, Salary & Benefits",Promotions / Appraisal,831,3.9
1251,Feedback Infrastructure Services,Engineering & Construction,nan,"Promotions / Appraisal, Job Security, Salary & Benefits",830,3.4
1252,Ather Energy,Automobile,"Company Culture, Work Life Balance, Skill Development / Learning",Promotions / Appraisal,830,4.1
1253,Sanden Vikas,Auto Components,"Company Culture, Work Life Balance, Skill Development / Learning",Promotions / Appraisal,830,3.9
1254,enGen Global,IT Services & Consulting,"Work Life Balance, Company Culture, Job Security",Promotions / Appraisal,830,3.9
1255,Tata Power Solar,Power,"Job Security, Skill Development / Learning, Company Culture",Promotions / Appraisal,829,4.1
1256,Consolidated Contractors,Engineering & Construction,"Company Culture, Work Satisfaction, Job Security",nan,830,4.3
1257,Royal Sundaram General Insurance,Insurance,Work Life Balance,"Promotions / Appraisal, Skill Development / Learning, Salary & Benefits",827,3.8
1258,Guardian India,Insurance,"Company Culture, Work Life Balance, Job Security",Promotions / Appraisal,827,3.9
1259,India Shelter Finance Corporation,NBFC,"Skill Development / Learning, Salary & Benefits",nan,828,3.9
1260,Union Bank of India,Banking,Job Security,Promotions / Appraisal,828,3.8
1261,HP India,Consumer Electronics & Appliances,Work Life Balance,"Promotions / Appraisal, Salary & Benefits",827,3.8
1262,Alorica,BPO,nan,"Promotions / Appraisal, Company Culture, Work Satisfaction",827,3.1
1263,Fareportal,Internet,nan,"Promotions / Appraisal, Job Security, Company Culture",825,3.1
1264,FIITJEE,Education & Training,nan,"Promotions / Appraisal, Salary & Benefits, Skill Development / Learning",825,3.2
1265,Casagrand,Real Estate,Job Security,"Promotions / Appraisal, Salary & Benefits",825,3.8
1266,Victora Auto Private Limited,Auto Components,"Work Life Balance, Job Security, Skill Development / Learning",Promotions / Appraisal,823,4.0
1267,Punj Lloyd,Engineering & Construction,"Company Culture, Work Life Balance, Work Satisfaction",Promotions / Appraisal,820,3.9
1268,Freshworks,Software Product,nan,"Job Security, Promotions / Appraisal, Work Satisfaction",818,3.4
1269,Luxoft,IT Services & Consulting,Work Life Balance,"Promotions / Appraisal, Job Security",818,3.6
1270,Lumen Technologies,Hardware & Networking,"Work Life Balance, Job Security, Company Culture",Promotions / Appraisal,816,4.0
1271,Eris Lifesciences,Pharma,nan,"Company Culture, Work Satisfaction, Job Security",816,3.6
1272,Nippon Koei India,Engineering & Construction,"Company Culture, Work Life Balance, Work Satisfaction",nan,814,4.8
1273,Greaves Cotton,Auto Components,"Work Life Balance, Company Culture",Promotions / Appraisal,814,4.0
1274,Ford Business Solutions,IT Services & Consulting,"Company Culture, Work Life Balance, Work Satisfaction",Promotions / Appraisal,813,4.1
1275,Metso,Metals & Mining,"Work Life Balance, Company Culture, Job Security",Promotions / Appraisal,814,4.1
1276,Clarivate,Analytics & KPO,"Work Life Balance, Company Culture","Promotions / Appraisal, Skill Development / Learning, Salary & Benefits",812,3.7
1277,Sutherland Healthcare Solutions,Analytics & KPO,Job Security,"Promotions / Appraisal, Salary & Benefits",812,3.7
1278,eTeam,Recruitment,nan,"Promotions / Appraisal, Job Security, Work Satisfaction",811,3.2
1279,Ramco Systems,Software Product,"Job Security, Skill Development / Learning","Promotions / Appraisal, Salary & Benefits",811,3.9
1280,Qinecsa Solutions,Clinical Research,nan,"Job Security, Promotions / Appraisal, Company Culture",804,2.8
1281,Medusind Solutions,IT Services & Consulting,nan,"Promotions / Appraisal, Skill Development / Learning, Salary & Benefits",810,3.5
1282,IBS Software Services,Software Product,Job Security,"Promotions / Appraisal, Salary & Benefits, Work Satisfaction",808,3.5
1283,UKG,Software Product,nan,"Job Security, Promotions / Appraisal, Work Satisfaction",808,3.0
1284,Bpo Convergence,BPO,nan,"Promotions / Appraisal, Salary & Benefits, Company Culture",808,3.4
1285,Huhtamaki,Packaging,"Work Life Balance, Company Culture, Skill Development / Learning",Promotions / Appraisal,807,4.0
1286,Baxter International,Healthcare,"Work Life Balance, Salary & Benefits","Promotions / Appraisal, Job Security, Skill Development / Learning",806,3.8
1287,Rockwell Automation,Industrial Automation,Work Life Balance,"Promotions / Appraisal, Work Satisfaction, Skill Development / Learning",805,3.6
1288,Forever Living Products,Fitness & Wellness,"Company Culture, Skill Development / Learning, Work Life Balance",nan,806,4.3
1289,Integra Software Services,IT Services & Consulting,Job Security,"Promotions / Appraisal, Salary & Benefits, Work Satisfaction",805,3.7
1290,Rodic Consultants,Engineering & Construction,"Work Life Balance, Company Culture, Work Satisfaction",nan,804,4.2
1291,RR kabel,Electrical Equipment,"Work Life Balance, Job Security, Company Culture",Promotions / Appraisal,804,4.1
1292,Sunbeam Auto,Auto Components,Work Life Balance,Promotions / Appraisal,804,3.9
1293,Nexdigm,Management Consulting,nan,"Promotions / Appraisal, Salary & Benefits",825,3.7
1294,Artech Infosystems,Recruitment,nan,"Promotions / Appraisal, Job Security, Company Culture",803,3.3
1295,Poly Medicure,Medical Equipment,nan,"Job Security, Promotions / Appraisal, Company Culture",802,3.5
1296,Linde India,Chemicals,"Company Culture, Work Life Balance, Job Security",Promotions / Appraisal,800,3.9
1297,Investors Clinic,Real Estate,nan,Salary & Benefits,799,3.6
1298,DBG Technology,Electronics Manufacturing,nan,"Promotions / Appraisal, Company Culture, Work Satisfaction",799,3.7
1299,Rashmi Group,Iron & Steel,nan,"Company Culture, Promotions / Appraisal, Work Life Balance",798,3.5
1300,Teamware Solutions,Recruitment,"Work Life Balance, Company Culture, Work Satisfaction",nan,798,4.1
1301,Rashmi Group,Iron & Steel,nan,"Company Culture, Promotions / Appraisal, Work Life Balance",798,3.5
1302,Border Security Force,Law Enforcement & Security,"Job Security, Salary & Benefits, Company Culture",nan,796,4.4
1303,Vijaya Diagnostic Centre,Healthcare,"Skill Development / Learning, Work Life Balance",Promotions / Appraisal,796,3.9
1304,Eveready Industries,Consumer Electronics & Appliances,"Salary & Benefits, Company Culture, Work Life Balance",Promotions / Appraisal,794,3.9
1305,Principal Global Services,Insurance,"Job Security, Work Life Balance","Promotions / Appraisal, Work Satisfaction, Skill Development / Learning",795,3.7
1306,Hitachi,Industrial Machinery,"Company Culture, Work Life Balance, Work Satisfaction",Promotions / Appraisal,793,3.9
1307,Intex Technologies,Consumer Electronics & Appliances,nan,"Job Security, Promotions / Appraisal, Company Culture",793,3.7
1308,Syneos Health,Clinical Research,nan,"Promotions / Appraisal, Skill Development / Learning, Work Satisfaction",793,3.6
1309,Five-Star Business Finance,NBFC,"Work Life Balance, Job Security, Company Culture",nan,793,4.1
1310,K Raheja Corp,Real Estate,"Work Life Balance, Company Culture, Job Security",Promotions / Appraisal,791,4.2
1311,Bill Gosling Outsourcing India,Gurugram +13 other locations,nan,"Promotions / Appraisal, Skill Development / Learning, Salary & Benefits",790,3.5
1312,Advik Hi Tech,Auto Components,nan,"Promotions / Appraisal, Salary & Benefits",791,3.7
1313,Praj Industries,Biotechnology,"Company Culture, Work Life Balance, Job Security",Promotions / Appraisal,788,4.0
1314,Zidio Development,IT Services & Consulting,"Work Life Balance, Skill Development / Learning, Company Culture",nan,788,4.4
1315,JK Paper,Pulp & Paper,Job Security,"Promotions / Appraisal, Salary & Benefits",788,3.8
1316,Prama Hikvision India,Electronics Manufacturing,nan,"Promotions / Appraisal, Company Culture, Work Satisfaction",788,3.6
1317,Skill Lync,EdTech,nan,"Job Security, Promotions / Appraisal, Work Satisfaction",787,3.1
1318,Zuventus Healthcare,Pharma,Salary & Benefits,Promotions / Appraisal,785,3.8
1319,PUMA,Fashion & Textile,"Company Culture, Work Life Balance, Job Security",nan,785,4.1
1320,Qualitest,IT Services & Consulting,Work Life Balance,"Promotions / Appraisal, Job Security, Salary & Benefits",785,3.6
1321,RenewBuy,Internet,nan,"Job Security, Promotions / Appraisal, Work Satisfaction",783,3.3
1322,Chennai Radha Engineering Works,Engineering & Construction,"Job Security, Skill Development / Learning, Company Culture","Promotions / Appraisal, Salary & Benefits",783,3.9
1323,BDO,Accounting & Auditing,nan,"Promotions / Appraisal, Company Culture, Salary & Benefits",784,3.2
1324,Prince Pipes & Fittings,Building Material,"Work Life Balance, Salary & Benefits, Company Culture",nan,782,4.2
1325,Cigniti Technologies,IT Services & Consulting,nan,Promotions / Appraisal,781,3.8
1326,THE LEELA PALACES HOTELS & RESORTS,Hospitality,"Job Security, Skill Development / Learning, Company Culture",nan,781,4.0
1327,Edubridge Learning,EdTech,"Skill Development / Learning, Company Culture, Work Life Balance",nan,780,3.9
1328,Zydus Healthcare,Pharma,"Salary & Benefits, Skill Development / Learning",nan,781,3.9
1329,Careernet,Recruitment,nan,"Promotions / Appraisal, Work Satisfaction, Skill Development / Learning",779,3.5
1330,IFFCO,Agro Chemicals,"Job Security, Salary & Benefits, Work Life Balance",nan,780,4.1
1331,Waaree Energies,Power,"Salary & Benefits, Job Security, Work Life Balance",nan,780,4.0
1332,Maveric Systems,IT Services & Consulting,nan,"Promotions / Appraisal, Salary & Benefits, Work Satisfaction",780,3.4
1333,Engineers India,Engineering & Construction,"Work Life Balance, Work Satisfaction, Skill Development / Learning",Promotions / Appraisal,778,4.2
1334,Indo Autotech,Auto Components,"Salary & Benefits, Work Life Balance, Skill Development / Learning",nan,778,3.9
1335,Franklin Templeton Investments,Financial Services,"Work Life Balance, Company Culture",Promotions / Appraisal,778,3.9
1336,NTT,IT Services & Consulting,"Work Life Balance, Job Security, Skill Development / Learning",Promotions / Appraisal,777,3.8
1337,Wipro Consumer Care & Lighting,FMCG,nan,"Promotions / Appraisal, Work Life Balance, Work Satisfaction",777,3.7
1338,Microtek International,Consumer Electronics & Appliances,nan,"Promotions / Appraisal, Salary & Benefits, Company Culture",777,3.7
1339,AISIN,Auto Components,"Work Life Balance, Company Culture, Job Security",nan,775,4.1
1340,Rallis India,Agro Chemicals,"Job Security, Work Life Balance, Company Culture",Promotions / Appraisal,775,4.1
1341,Credence Resource Management,BPO,nan,"Promotions / Appraisal, Company Culture, Skill Development / Learning",773,3.0
1342,Amber Enterprises India,Electronics Manufacturing,Skill Development / Learning,nan,774,3.9
1343,Pratap Technocrats,Telecom,nan,"Promotions / Appraisal, Salary & Benefits",773,3.8
1344,Jai Balaji Group,Iron & Steel,nan,"Promotions / Appraisal, Salary & Benefits, Company Culture",772,3.2
1345,Aequs,Defence & Aerospace,nan,"Promotions / Appraisal, Job Security, Company Culture",773,3.4
1346,Reliance BP Mobility,Oil & Gas,Job Security,"Promotions / Appraisal, Work Satisfaction, Company Culture",770,3.6
1347,Cohance Lifesciences,Pharma,Work Life Balance,Promotions / Appraisal,916,3.8
1348,Vastu Housing Finance,NBFC,"Company Culture, Work Life Balance, Skill Development / Learning",nan,769,4.2
1349,Toyo Engineering,Engineering & Construction,"Company Culture, Job Security, Skill Development / Learning",Promotions / Appraisal,768,4.0
1350,Progressive Infotech,IT Services & Consulting,nan,"Promotions / Appraisal, Company Culture, Work Life Balance",768,3.3
1351,Action Construction Equipment,Industrial Machinery,nan,"Promotions / Appraisal, Job Security, Skill Development / Learning",768,3.7
1352,First Advantage,Recruitment,nan,"Promotions / Appraisal, Skill Development / Learning, Work Satisfaction",766,3.5
1353,Radical Minds,BPO,nan,"Promotions / Appraisal, Job Security, Salary & Benefits",766,2.9
1354,Reliance Smart,Retail,"Job Security, Company Culture, Skill Development / Learning",Promotions / Appraisal,765,4.1
1355,Denave,Marketing & Advertising,nan,"Promotions / Appraisal, Job Security, Skill Development / Learning",765,3.5
1356,Ask Automotive,Auto Components,"Work Life Balance, Job Security, Salary & Benefits",nan,767,4.2
1357,Somany Ceramics,Building Material,"Work Life Balance, Company Culture, Job Security",nan,765,4.2
1358,Dineshchandra R. Agrawal Infracon,Engineering & Construction,"Job Security, Salary & Benefits, Work Life Balance",nan,764,4.0
1359,Lea Associates South Asia,Engineering & Construction,"Work Life Balance, Company Culture, Work Satisfaction",nan,764,4.2
1360,Better.com,Financial Services,Salary & Benefits,"Job Security, Promotions / Appraisal, Skill Development / Learning",763,3.0
1361,Wipro Infrastructure Engineering,Industrial Machinery,nan,"Promotions / Appraisal, Salary & Benefits, Company Culture",763,3.7
1362,Allied Digital Services,IT Services & Consulting,nan,"Promotions / Appraisal, Skill Development / Learning, Salary & Benefits",763,3.2
1363,Creative Synergies Group,IT Services & Consulting,"Work Life Balance, Salary & Benefits, Company Culture",nan,762,4.0
1364,People Tech Group,IT Services & Consulting,nan,"Job Security, Promotions / Appraisal, Salary & Benefits",762,2.4
1365,Novac Technology Solutions,Software Product,Job Security,"Promotions / Appraisal, Salary & Benefits, Skill Development / Learning",763,3.6
1366,Travel Food Services Ltd,Hospitality,"Work Life Balance, Job Security, Company Culture",Promotions / Appraisal,762,4.0
1367,Ramkrishna Forgings,Auto Components,nan,"Promotions / Appraisal, Company Culture, Work Satisfaction",763,3.4
1368,Hitachi Digital Services,IT Services & Consulting,nan,"Promotions / Appraisal, Work Satisfaction, Company Culture",761,3.5
1369,Creambell,Food Processing,"Salary & Benefits, Work Life Balance",Promotions / Appraisal,761,3.9
1370,Hilti,Industrial Machinery,nan,"Promotions / Appraisal, Work Satisfaction, Job Security",760,3.4
1371,Lenovo,Consumer Electronics & Appliances,"Company Culture, Work Life Balance, Skill Development / Learning",Promotions / Appraisal,760,4.1
1372,Forvia Hella,Auto Components,Work Life Balance,Promotions / Appraisal,759,3.8
1373,Simplilearn,EdTech,nan,"Promotions / Appraisal, Work Satisfaction, Job Security",759,3.2
1374,Axtria,Software Product,nan,"Work Satisfaction, Company Culture, Work Life Balance",759,2.8
1375,Ksb Pumps,Industrial Machinery,Job Security,Promotions / Appraisal,759,3.8
1376,Quatrro Business Support Services,Gurugram +14 other locations,nan,"Promotions / Appraisal, Skill Development / Learning, Salary & Benefits",758,3.3
1377,Fleetguard Filters Private Limited,Auto Components,"Salary & Benefits, Company Culture, Work Life Balance",nan,759,4.3
1378,Dunzo,Internet,nan,"Job Security, Promotions / Appraisal, Skill Development / Learning",757,3.5
1379,Universal Sompo General Insurance,Insurance,"Company Culture, Work Life Balance, Work Satisfaction",nan,756,4.4
1380,Universal Sompo General Insurance,Insurance,"Company Culture, Work Life Balance, Work Satisfaction",nan,756,4.4
1381,JioStar,Media & Entertainment,nan,"Promotions / Appraisal, Job Security, Skill Development / Learning",755,3.5
1382,Ugro Capital,NBFC,Salary & Benefits,"Job Security, Promotions / Appraisal",754,3.7
1383,Central Industrial Security Force,Law Enforcement & Security,"Job Security, Salary & Benefits, Skill Development / Learning",Promotions / Appraisal,754,4.3
1384,Assystem,Engineering & Construction,nan,"Promotions / Appraisal, Job Security, Company Culture",754,3.3
1385,Bses Rajdhani Power,Power,"Job Security, Work Life Balance","Promotions / Appraisal, Salary & Benefits",753,3.8
1386,Times Internet,Internet,nan,"Promotions / Appraisal, Skill Development / Learning, Work Satisfaction",755,3.4
1387,Alivus Life Sciences,Pharma,Job Security,"Promotions / Appraisal, Work Satisfaction",753,3.8
1388,1 India Family Mart,Retail,"Company Culture, Work Life Balance, Work Satisfaction",nan,753,4.6
1389,BNP Paribas India Solutions,IT Services & Consulting,"Job Security, Work Life Balance","Promotions / Appraisal, Salary & Benefits, Work Satisfaction",752,3.6
1390,HSBC Software Development,Software Product,"Work Life Balance, Company Culture, Work Satisfaction",Promotions / Appraisal,750,4.1
1391,Brane Enterprises,Software Product,nan,"Job Security, Company Culture, Work Satisfaction",750,2.1
1392,Petpooja,Software Product,"Company Culture, Skill Development / Learning, Work Life Balance",nan,749,4.0
1393,Amadeus,Software Product,"Work Life Balance, Job Security","Promotions / Appraisal, Skill Development / Learning, Work Satisfaction",749,3.7
1394,McDermott International,Engineering & Construction,"Company Culture, Work Life Balance, Salary & Benefits",nan,748,4.2
1395,Samsung E&A,Engineering & Construction,"Salary & Benefits, Job Security, Work Life Balance",nan,748,4.0
1396,BCD Travel,Travel & Tourism,"Work Life Balance, Job Security, Company Culture",nan,749,4.3
1397,Orion Edutech,EdTech,nan,"Promotions / Appraisal, Job Security, Salary & Benefits",749,3.1
1398,Zee Entertainment Enterprises,Media & Entertainment,nan,"Promotions / Appraisal, Job Security, Work Satisfaction",748,3.4
1399,CADD Centre Training Services,Education & Training,Skill Development / Learning,"Promotions / Appraisal, Salary & Benefits",747,3.9
1400,Wabtec,Auto Components,"Job Security, Work Life Balance",Promotions / Appraisal,748,3.9
1401,Finolex Cables,Electrical Equipment,Job Security,"Promotions / Appraisal, Salary & Benefits, Skill Development / Learning",747,3.7
1402,Bunge India,Food Processing,"Salary & Benefits, Work Life Balance, Job Security",Promotions / Appraisal,747,4.0
1403,Wapcos,Engineering & Construction,nan,"Promotions / Appraisal, Job Security, Salary & Benefits",746,3.3
1404,JM Financial,Financial Services,Work Life Balance,"Promotions / Appraisal, Skill Development / Learning",746,3.8
1405,Vaaman Engineers,Engineering & Construction,nan,Promotions / Appraisal,744,3.8
1406,VA Tech Wabag,Waste Management,Job Security,Promotions / Appraisal,743,3.8
1407,National Informatics Centre,Government,Work Life Balance,"Promotions / Appraisal, Job Security, Skill Development / Learning",742,3.9
1408,TO THE NEW,IT Services & Consulting,nan,"Promotions / Appraisal, Work Satisfaction, Salary & Benefits",741,3.6
1409,Sharda Motor Industries,Auto Components,Job Security,Promotions / Appraisal,741,3.8
1410,India Japan Lighting,Auto Components,"Company Culture, Work Life Balance, Job Security",nan,740,4.0
1411,SLK Global Services,BPO,nan,"Promotions / Appraisal, Salary & Benefits",740,3.9
1412,CMS Computers Limited (INDIA),IT Services & Consulting,nan,"Promotions / Appraisal, Salary & Benefits, Skill Development / Learning",740,3.6
1413,Hapag-Lloyd,Ports & Shipping,"Company Culture, Job Security, Work Life Balance","Promotions / Appraisal, Salary & Benefits",741,3.8
1414,Veradigm,Software Product,Work Life Balance,"Promotions / Appraisal, Job Security, Skill Development / Learning",739,3.8
1415,India Cements,Building Material,"Job Security, Work Life Balance",Promotions / Appraisal,738,3.8
1416,Bitwise Solutions,IT Services & Consulting,"Company Culture, Work Life Balance","Promotions / Appraisal, Job Security, Salary & Benefits",738,3.7
1417,Galfar,Engineering & Construction,"Work Life Balance, Job Security, Company Culture",Promotions / Appraisal,737,3.9
1418,ManipalCigna Health Insurance,Insurance,nan,Promotions / Appraisal,736,3.7
1419,Integreon,BPO,nan,"Promotions / Appraisal, Salary & Benefits, Work Satisfaction",736,3.2
1420,Patel Infrastructure Limited,Engineering & Construction,"Company Culture, Work Life Balance, Work Satisfaction",nan,736,4.2
1421,Livguard,Electronics Manufacturing,nan,Promotions / Appraisal,737,3.9
1422,ESL Steel,Iron & Steel,nan,Promotions / Appraisal,735,3.8
1423,Mswipe Technologies,FinTech,nan,"Promotions / Appraisal, Job Security, Company Culture",735,3.2
1424,UnitedLex,Analytics & KPO,nan,"Promotions / Appraisal, Job Security, Salary & Benefits",735,2.7
1425,Primus Global Technologies,IT Services & Consulting,Work Life Balance,"Promotions / Appraisal, Job Security",734,3.7
1426,OLX India,Internet,Salary & Benefits,"Job Security, Promotions / Appraisal",734,3.7
1427,Exicom,Semiconductors,"Company Culture, Work Life Balance, Job Security",Promotions / Appraisal,733,4.0
1428,Steel Authority Of India,Iron & Steel,"Job Security, Work Life Balance, Work Satisfaction",nan,733,4.0
1429,EMERSON PROCESS MANAGEMENT,Industrial Automation,"Company Culture, Work Life Balance, Job Security",Promotions / Appraisal,733,4.1
1430,Indusind Marketing & Financial Services,Financial Services,nan,"Promotions / Appraisal, Salary & Benefits",732,3.7
1431,LifeCell International,Biotechnology,nan,"Job Security, Promotions / Appraisal, Work Satisfaction",732,3.4
1432,Care Hospital,Healthcare,"Skill Development / Learning, Company Culture, Work Life Balance",nan,729,4.1
1433,Vertex Customer Solutions,IT Services & Consulting,nan,"Work Satisfaction, Salary & Benefits, Job Security",729,3.6
1434,Ameriprise Financial,Financial Services,"Work Life Balance, Job Security","Promotions / Appraisal, Skill Development / Learning, Work Satisfaction",729,3.7
1435,Religare,Financial Services,nan,"Promotions / Appraisal, Skill Development / Learning, Salary & Benefits",729,3.7
1436,Mott MacDonald,Management Consulting,"Work Life Balance, Company Culture, Salary & Benefits",Promotions / Appraisal,729,4.0
1437,Greenply,Building Material,Salary & Benefits,"Promotions / Appraisal, Work Satisfaction, Job Security",728,3.8
1438,Celebal Technologies,IT Services & Consulting,nan,"Job Security, Promotions / Appraisal, Company Culture",727,3.0
1439,Isuzu Motors,Automobile,"Company Culture, Job Security, Skill Development / Learning",Promotions / Appraisal,727,4.1
1440,GirnarSoft,IT Services & Consulting,nan,"Promotions / Appraisal, Job Security, Work Satisfaction",727,3.6
1441,Rackspace,IT Services & Consulting,"Work Life Balance, Company Culture, Salary & Benefits","Job Security, Promotions / Appraisal",726,3.7
1442,ASG Eye Hospital,Healthcare,nan,"Promotions / Appraisal, Company Culture, Work Satisfaction",726,3.5
1443,Protiviti,Management Consulting,nan,"Work Satisfaction, Promotions / Appraisal, Company Culture",726,3.1
1444,Deepak Nitrite,Chemicals,"Job Security, Work Life Balance",Promotions / Appraisal,726,3.9
1445,Lavender Technology,IT Services & Consulting,"Company Culture, Promotions / Appraisal, Skill Development / Learning",nan,724,4.9
1446,Sun Life Financial,Financial Services,"Job Security, Work Life Balance, Company Culture",Promotions / Appraisal,724,3.8
1447,Smollan Group,Marketing & Advertising,"Company Culture, Work Life Balance","Promotions / Appraisal, Salary & Benefits",725,3.9
1448,Boeing,Aviation,Work Life Balance,Promotions / Appraisal,723,3.8
1449,The Akshaya Patra Foundation,Non-Profit,"Company Culture, Work Life Balance, Work Satisfaction",nan,722,4.4
1450,Neuland Laboratories,Pharma,"Company Culture, Work Life Balance, Skill Development / Learning",Promotions / Appraisal,722,4.0
1451,Adidas,Fashion & Textile,"Salary & Benefits, Work Life Balance","Promotions / Appraisal, Job Security",722,3.9
1452,ffreedom app,Internet,nan,"Job Security, Work Satisfaction, Company Culture",721,3.5
1453,Ascendion,IT Services & Consulting,nan,"Promotions / Appraisal, Job Security, Work Satisfaction",721,3.4
1454,Google Operations Center,BPO,Work Life Balance,"Promotions / Appraisal, Work Satisfaction, Job Security",721,3.6
1455,Padget Electronics,Electronics Manufacturing,Skill Development / Learning,Promotions / Appraisal,721,3.9
1456,DuPont,Waste Management,"Company Culture, Work Life Balance, Job Security",Promotions / Appraisal,719,4.2
1457,Stellantis,Automobile,nan,"Promotions / Appraisal, Job Security, Company Culture",720,3.4
1458,Writer Information Management Services,BPO,nan,"Promotions / Appraisal, Salary & Benefits, Work Satisfaction",718,3.1
1459,V-Trans,Logistics,Job Security,Promotions / Appraisal,716,3.8
1460,McKinsey & Company,Management Consulting,"Company Culture, Salary & Benefits","Promotions / Appraisal, Work Life Balance",715,3.8
1461,RITES,Engineering & Construction,"Work Life Balance, Work Satisfaction, Skill Development / Learning",Promotions / Appraisal,715,3.9
1462,Mindsprint,IT Services & Consulting,nan,"Promotions / Appraisal, Work Satisfaction",713,3.6
1463,Expleo Solutions,IT Services & Consulting,nan,"Promotions / Appraisal, Job Security, Salary & Benefits",712,3.6
1464,Molex,Electronics Manufacturing,"Company Culture, Work Life Balance",Promotions / Appraisal,713,3.9
1465,Transrail Lighting,Engineering & Construction,"Job Security, Work Life Balance, Salary & Benefits",nan,712,4.0
1466,Ag Industries,Auto Components,"Work Life Balance, Job Security, Work Satisfaction","Promotions / Appraisal, Salary & Benefits",710,3.9
1467,BDO India LLP,Accounting & Auditing,nan,"Promotions / Appraisal, Salary & Benefits, Work Satisfaction",710,3.3
1468,Nvidia,Hardware & Networking,nan,"Promotions / Appraisal, Work Satisfaction, Skill Development / Learning",710,3.5
1469,LG Soft India,IT Services & Consulting,nan,"Promotions / Appraisal, Company Culture, Work Satisfaction",710,2.8
1470,TDK India Private Limited,Nashik +26 other locations,"Work Life Balance, Job Security, Skill Development / Learning",Promotions / Appraisal,709,3.9
1471,Sterlite Power,Power,"Salary & Benefits, Company Culture, Work Life Balance",nan,710,4.1
1472,AI Airport Services,Aviation,nan,"Promotions / Appraisal, Company Culture, Work Satisfaction",709,3.3
1473,XcelServ Solutions,IT Services & Consulting,"Work Life Balance, Company Culture, Work Satisfaction",nan,708,4.4
1474,Biba Apparels,Fashion & Textile,nan,"Promotions / Appraisal, Company Culture, Work Satisfaction",708,3.5
1475,Volkswagen Group Technology Solution,IT Services & Consulting,"Work Life Balance, Job Security, Company Culture",Promotions / Appraisal,707,3.9
1476,B. G. Shirke Construction Technology,Engineering & Construction,"Job Security, Company Culture, Work Life Balance",nan,707,4.2
1477,Aurigo Software Technologies,Software Product,"Company Culture, Work Life Balance, Work Satisfaction",nan,707,4.6
1478,uFaber,Education & Training,nan,"Promotions / Appraisal, Job Security, Salary & Benefits",706,2.2
1479,NecLife,Pharma,Job Security,"Promotions / Appraisal, Salary & Benefits, Skill Development / Learning",705,3.6
1480,Mitsubishi Electric India,Electronics Manufacturing,"Work Life Balance, Company Culture, Job Security",Promotions / Appraisal,703,4.2
1481,Sykes Business Services Of India,BPO,nan,"Promotions / Appraisal, Salary & Benefits, Company Culture",702,3.4
1482,Medreich,Pharma,Job Security,nan,702,3.9
1483,Eugia Pharma Specialities,Pharma,"Job Security, Salary & Benefits, Work Life Balance",Promotions / Appraisal,703,4.0
1484,Electrosteel Casting,Building Material,"Job Security, Work Life Balance","Promotions / Appraisal, Salary & Benefits",701,3.7
1485,Tavant Technologies,IT Services & Consulting,"Company Culture, Work Life Balance",Promotions / Appraisal,700,3.8
1486,BSH Home Appliances Group,Consumer Electronics & Appliances,"Work Life Balance, Company Culture, Salary & Benefits",Promotions / Appraisal,700,3.9
1487,Delta Electronics,Electronics Manufacturing,"Job Security, Work Life Balance",Promotions / Appraisal,700,3.9
1488,Bikanervala,FMCG,"Work Life Balance, Job Security",Promotions / Appraisal,699,3.9
1489,TCNS Clothing Company,Fashion & Textile,"Skill Development / Learning, Work Life Balance, Company Culture",Promotions / Appraisal,699,4.1
1490,Redcliffe Labs,Healthcare,"Salary & Benefits, Work Life Balance, Skill Development / Learning",nan,697,3.9
1491,Koch Business Solutions,IT Services & Consulting,nan,"Job Security, Promotions / Appraisal, Work Satisfaction",698,3.2
1492,Rentokil Pest Control,Facility Management Services,nan,"Promotions / Appraisal, Work Satisfaction, Salary & Benefits",697,3.6
1493,Turtlemint,Internet,nan,"Promotions / Appraisal, Job Security, Work Satisfaction",697,3.6
1494,Genus Power Infrastructures,Electronics Manufacturing,"Job Security, Work Life Balance, Skill Development / Learning","Promotions / Appraisal, Salary & Benefits",696,3.9
1495,Samunnati,NBFC,"Company Culture, Work Life Balance, Work Satisfaction",nan,695,4.5
1496,Home First Finance Company India,NBFC,Salary & Benefits,"Promotions / Appraisal, Work Life Balance, Work Satisfaction",695,3.5
1497,Bristlecone,IT Services & Consulting,Work Life Balance,"Promotions / Appraisal, Salary & Benefits, Work Satisfaction",694,3.6
1498,Evision Technoserve,Pune +44 other locations,"Company Culture, Work Life Balance, Work Satisfaction",nan,694,4.7
1499,Bahwan CyberTek,IT Services & Consulting,nan,"Promotions / Appraisal, Job Security, Company Culture",692,3.4
1500,Raychem RPG,Electrical Equipment,nan,"Promotions / Appraisal, Work Satisfaction, Job Security",693,3.7
1501,Amrit Cement,Building Material,"Work Life Balance, Skill Development / Learning",nan,692,3.9
1502,Gartner,Management Consulting,"Work Life Balance, Company Culture",Promotions / Appraisal,692,3.8
1503,Mynd Solutions Private,BPO,nan,"Promotions / Appraisal, Salary & Benefits, Work Satisfaction",692,3.7
1504,URC Construction,Engineering & Construction,nan,"Promotions / Appraisal, Company Culture, Work Life Balance",692,3.7
1505,Visteon,Auto Components,nan,"Work Life Balance, Company Culture, Promotions / Appraisal",691,3.2
1506,Apple,Consumer Electronics & Appliances,"Company Culture, Work Life Balance, Skill Development / Learning",nan,690,4.3
1507,Y-Axis Overseas Careers,Other,"Work Life Balance, Skill Development / Learning, Work Satisfaction",nan,691,3.9
1508,Ramky Infrastructure,Engineering & Construction,"Job Security, Salary & Benefits, Company Culture",nan,689,4.2
1509,Lovely Professional University,Education & Training,nan,"Promotions / Appraisal, Work Satisfaction, Company Culture",688,3.3
1510,Razorpay,FinTech,nan,"Promotions / Appraisal, Work Satisfaction, Job Security",690,3.4
1511,R.V.R. PROJECTS,Engineering & Construction,Salary & Benefits,Promotions / Appraisal,690,3.9
1512,Embibe,EdTech,nan,"Job Security, Promotions / Appraisal, Company Culture",687,3.4
1513,Goodyear,Auto Components,nan,"Promotions / Appraisal, Company Culture, Work Satisfaction",687,3.5
1514,Thriveni Earthmovers,Metals & Mining,"Job Security, Skill Development / Learning, Salary & Benefits",nan,687,4.0
1515,HSBC Bank,Banking,"Job Security, Company Culture, Work Life Balance",Promotions / Appraisal,688,4.0
1516,HRH Next Services,BPO,nan,"Salary & Benefits, Promotions / Appraisal, Work Satisfaction",686,2.9
1517,Kurlon,Furniture & Furnishing,"Work Life Balance, Company Culture, Salary & Benefits",nan,686,4.3
1518,Eastman Auto and Power Limited,Electronics Manufacturing,"Salary & Benefits, Company Culture, Work Life Balance",nan,687,3.9
1519,Asb International,Industrial Machinery,"Job Security, Skill Development / Learning","Promotions / Appraisal, Work Satisfaction, Company Culture",686,3.6
1520,Csc E Governance Services,Government,Work Life Balance,"Promotions / Appraisal, Company Culture, Salary & Benefits",685,3.8
1521,Diebold Nixdorf,Software Product,nan,"Promotions / Appraisal, Skill Development / Learning, Work Satisfaction",686,3.6
1522,Toppr,EdTech,nan,"Job Security, Promotions / Appraisal, Work Life Balance",685,3.4
1523,Transsion,Consumer Electronics & Appliances,"Work Life Balance, Company Culture, Work Satisfaction",Promotions / Appraisal,685,4.0
1524,Bharat Serums and Vaccines,Pharma,"Company Culture, Work Life Balance, Skill Development / Learning",Promotions / Appraisal,685,4.0
1525,Cotiviti,Analytics & KPO,nan,"Promotions / Appraisal, Skill Development / Learning, Work Satisfaction",683,3.6
1526,LEAP India Limited,Packaging,"Salary & Benefits, Company Culture, Work Life Balance",nan,683,4.6
1527,North East Small Finance Bank,Banking,nan,"Promotions / Appraisal, Job Security, Company Culture",683,3.6
1528,Titan Eye Plus,Other,"Skill Development / Learning, Company Culture, Work Life Balance",Promotions / Appraisal,682,4.1
1529,Vindhya Telelinks,Hardware & Networking,"Salary & Benefits, Work Life Balance","Promotions / Appraisal, Skill Development / Learning",682,4.0
1530,NSB Bpo Solutions,BPO,nan,"Promotions / Appraisal, Salary & Benefits, Job Security",682,2.9
1531,Doosan Power Systems,Power,"Company Culture, Work Life Balance, Work Satisfaction",Promotions / Appraisal,682,4.3
1532,Bayer Crop Science Vegetable Seeds,Bengaluru +138 other locations,"Work Life Balance, Company Culture, Skill Development / Learning",Promotions / Appraisal,681,4.1
1533,Micro Turners,Auto Components,nan,"Promotions / Appraisal, Salary & Benefits",682,3.8
1534,Infor Global Solution,Software Product,"Work Life Balance, Job Security, Company Culture","Promotions / Appraisal, Skill Development / Learning, Salary & Benefits",681,3.9
1535,Moglix,Internet,nan,"Job Security, Promotions / Appraisal, Work Satisfaction",681,3.3
1536,Orient Cement,Building Material,"Work Life Balance, Company Culture, Work Satisfaction",nan,679,4.4
1537,Flash Electronics,Electronics Manufacturing,nan,"Promotions / Appraisal, Salary & Benefits, Work Satisfaction",679,3.6
1538,Radico Khaitan,Beverage,"Job Security, Work Life Balance, Company Culture",nan,679,4.1
1539,Caparo Engineering India,Auto Components,"Work Life Balance, Work Satisfaction, Job Security",Promotions / Appraisal,679,4.0
1540,Flash Electronics,Electronics Manufacturing,nan,"Promotions / Appraisal, Salary & Benefits, Work Satisfaction",679,3.6
1541,TTK Prestige,Consumer Electronics & Appliances,Job Security,"Promotions / Appraisal, Work Satisfaction",678,3.8
1542,Office Beacon,BPO,"Company Culture, Job Security, Skill Development / Learning",nan,678,4.6
1543,Writer Corporation,Logistics,nan,"Promotions / Appraisal, Salary & Benefits, Work Satisfaction",677,3.4
1544,Bisk Farm,Food Processing,"Work Life Balance, Job Security, Skill Development / Learning",Promotions / Appraisal,677,4.0
1545,Patel Engineering,Engineering & Construction,"Job Security, Work Life Balance, Work Satisfaction",nan,676,4.1
1546,Ness Digital Engineering,IT Services & Consulting,nan,"Promotions / Appraisal, Job Security, Company Culture",676,3.4
1547,Central Bank of India,Banking,"Work Life Balance, Skill Development / Learning",Promotions / Appraisal,676,3.9
1548,Cohesity,Software Product,"Work Life Balance, Company Culture, Salary & Benefits","Promotions / Appraisal, Job Security",676,3.9
1549,Testbook.com,EdTech,nan,"Job Security, Promotions / Appraisal, Work Life Balance",676,3.4
1550,CtrlS,IT Services & Consulting,Salary & Benefits,"Company Culture, Work Life Balance, Work Satisfaction",675,3.6
1551,Tredence,IT Services & Consulting,nan,"Promotions / Appraisal, Work Life Balance, Work Satisfaction",675,3.4
1552,Neeyamo Enterprise Solutions,Pune +10 other locations,nan,"Promotions / Appraisal, Salary & Benefits, Work Life Balance",674,3.6
1553,Livpure,Consumer Electronics & Appliances,nan,Promotions / Appraisal,674,3.9
1554,Solv,Internet,Salary & Benefits,"Job Security, Promotions / Appraisal, Company Culture",674,3.5
1555,Wuerth,Industrial Machinery,nan,"Promotions / Appraisal, Work Satisfaction, Skill Development / Learning",674,3.5
1556,Wolters Kluwer,Software Product,"Work Life Balance, Job Security","Promotions / Appraisal, Skill Development / Learning",675,3.8
1557,IHG,Hospitality,nan,"Promotions / Appraisal, Work Satisfaction, Skill Development / Learning",674,3.6
1558,PrimEra Medical Technologies,IT Services & Consulting,Job Security,"Promotions / Appraisal, Company Culture, Work Satisfaction",674,3.6
1559,TVS Electronics,Electronics Manufacturing,Work Life Balance,"Promotions / Appraisal, Salary & Benefits",673,3.7
1560,Medtronic,Medical Equipment,"Company Culture, Work Life Balance, Salary & Benefits",Promotions / Appraisal,673,3.9
1561,Keventer,FMCG,Work Life Balance,"Promotions / Appraisal, Salary & Benefits",673,3.8
1562,VRL Logistics,Logistics,nan,"Promotions / Appraisal, Job Security, Work Satisfaction",673,3.7
1563,PPG Asian Paints,Chemicals,"Job Security, Salary & Benefits","Promotions / Appraisal, Work Satisfaction",672,3.9
1564,Government of India,Government,"Job Security, Work Life Balance, Work Satisfaction",nan,673,4.2
1565,Jubilant Ingrevia,Chemicals,"Work Life Balance, Job Security",Promotions / Appraisal,672,3.8
1566,Leverage Edu,EdTech,"Salary & Benefits, Company Culture, Work Satisfaction",nan,671,4.1
1567,Vizag Steel,Iron & Steel,"Work Life Balance, Job Security, Work Satisfaction",Promotions / Appraisal,670,4.0
1568,Snapdeal,Internet,"Company Culture, Work Life Balance","Promotions / Appraisal, Job Security, Salary & Benefits",671,3.8
1569,JSW Energy,Power,"Job Security, Salary & Benefits, Work Life Balance",Promotions / Appraisal,670,4.1
1570,ChannelPlay,Marketing & Advertising,Work Life Balance,Promotions / Appraisal,669,3.8
1571,Autoliv,Auto Components,"Job Security, Company Culture, Salary & Benefits",Promotions / Appraisal,669,4.0
1572,BASF,Chemicals,"Work Life Balance, Company Culture, Work Satisfaction",Promotions / Appraisal,669,4.2
1573,Emami Agrotech,Food Processing,"Work Life Balance, Job Security",Promotions / Appraisal,669,3.9
1574,Blue Yonder,Software Product,nan,"Promotions / Appraisal, Salary & Benefits, Work Satisfaction",669,3.6
1575,ReSource Pro,BPO,nan,nan,669,3.8
1576,NextComm Corporation,Software Product,"Work Life Balance, Company Culture, Work Satisfaction",nan,669,4.8
1577,Quess IT Staffing Solutions,Bengaluru +55 other locations,nan,"Promotions / Appraisal, Work Satisfaction, Job Security",669,3.1
1578,DAV Public School,Education & Training,"Skill Development / Learning, Salary & Benefits",Promotions / Appraisal,668,4.0
1579,Nomura Holdings,Investment Banking / Venture Capital / Private Equity,Job Security,"Promotions / Appraisal, Work Satisfaction, Salary & Benefits",668,3.7
1580,Nephroplus,Healthcare,Skill Development / Learning,"Promotions / Appraisal, Salary & Benefits",668,3.8
1581,Rane NSK Steering Systems,Auto Components,"Skill Development / Learning, Company Culture, Work Life Balance",Promotions / Appraisal,667,4.0
1582,Bridgestone - Global Capability Center,Auto Components,"Company Culture, Work Life Balance, Job Security",Promotions / Appraisal,667,4.0
1583,Future Supply Chain Solutions,Logistics,"Company Culture, Work Satisfaction, Skill Development / Learning",nan,666,4.4
1584,Surya Roshni,Building Material,"Work Life Balance, Job Security, Company Culture",nan,666,4.1
1585,L&T Power,Power,"Job Security, Skill Development / Learning","Promotions / Appraisal, Work Life Balance",666,3.9
1586,Redington,Hardware & Networking,"Job Security, Company Culture, Work Life Balance",Promotions / Appraisal,666,4.0
1587,Dodla Dairy,Food Processing,"Work Life Balance, Job Security, Company Culture",nan,666,4.2
1588,Lohia Corp,Industrial Machinery,"Job Security, Skill Development / Learning, Company Culture",Promotions / Appraisal,665,4.0
1589,Quislex Legal Services,Legal,"Company Culture, Work Life Balance, Work Satisfaction",nan,664,4.0
1590,SG Analytics,Analytics & KPO,nan,"Promotions / Appraisal, Work Satisfaction, Job Security",664,2.6
1591,YOKOGAWA,Industrial Automation,Job Security,"Promotions / Appraisal, Salary & Benefits",664,3.8
1592,Dhanuka Agritech,Agro Chemicals,nan,"Promotions / Appraisal, Work Satisfaction",664,3.7
1593,Orient Technologies,IT Services & Consulting,nan,"Promotions / Appraisal, Salary & Benefits, Work Satisfaction",664,3.7
1594,EPL Limited,Packaging,"Job Security, Skill Development / Learning","Promotions / Appraisal, Salary & Benefits",662,3.8
1595,Lionbridge Technologies,Content Development,Work Life Balance,"Promotions / Appraisal, Skill Development / Learning, Salary & Benefits",663,3.6
1596,Housing.com,Internet,Salary & Benefits,"Promotions / Appraisal, Job Security, Work Satisfaction",661,3.6
1597,R.S. Infraprojects,Engineering & Construction,"Job Security, Work Life Balance, Company Culture",Promotions / Appraisal,660,4.0
1598,Kutumbh Care,Recruitment,"Work Life Balance, Company Culture, Work Satisfaction",Promotions / Appraisal,659,4.0
1599,TransUnion,Financial Services,Work Life Balance,"Promotions / Appraisal, Job Security, Skill Development / Learning",659,3.6
1600,Kissht Finance,FinTech,"Salary & Benefits, Work Life Balance",nan,659,3.9
1601,Osource Global,BPO,nan,"Promotions / Appraisal, Salary & Benefits, Work Life Balance",660,3.5
1602,Triveni Engineering & Industries,Food Processing,"Job Security, Work Life Balance, Salary & Benefits",nan,658,4.1
1603,Technotask Business Solutions,BPO,nan,"Promotions / Appraisal, Salary & Benefits, Job Security",675,3.5
1604,Mahindra Integrated Business Solutions,BPO,nan,"Promotions / Appraisal, Work Satisfaction, Job Security",657,3.4
1605,MPS Limited,Content Development,nan,"Promotions / Appraisal, Salary & Benefits, Skill Development / Learning",657,3.5
1606,Capco Technologies,IT Services & Consulting,Work Life Balance,"Promotions / Appraisal, Job Security",656,3.7
1607,Qatar Airways,Aviation,Salary & Benefits,"Promotions / Appraisal, Company Culture, Work Life Balance",655,3.5
1608,Shalby Hospitals,Healthcare,"Work Life Balance, Skill Development / Learning, Company Culture",nan,655,4.2
1609,Cogoport,Internet,nan,"Job Security, Company Culture, Promotions / Appraisal",655,3.2
1610,Progressive Infovision,Recruitment,Work Life Balance,Promotions / Appraisal,655,3.9
1611,Videocon d2h,Internet,"Skill Development / Learning, Company Culture, Work Life Balance",nan,654,3.8
1612,Vasudha Pharma Chem,Pharma,"Company Culture, Work Life Balance, Job Security",Promotions / Appraisal,654,4.0
1613,Licious,Internet,nan,"Promotions / Appraisal, Job Security, Salary & Benefits",653,3.7
1614,Saint Gobain Glass,Building Material,"Job Security, Company Culture, Skill Development / Learning","Promotions / Appraisal, Salary & Benefits",653,3.8
1615,Optimum Infosystem,IT Services & Consulting,nan,"Job Security, Promotions / Appraisal, Skill Development / Learning",652,3.3
1616,PeopleStrong,Recruitment,nan,"Promotions / Appraisal, Work Life Balance, Work Satisfaction",652,3.4
1617,Corteva Agriscience,Agro Chemicals,"Company Culture, Work Life Balance, Job Security",Promotions / Appraisal,653,4.2
1618,Ingram Micro,IT Services & Consulting,nan,"Promotions / Appraisal, Work Satisfaction, Job Security",651,3.6
1619,Celebi Aviation Holding,Aviation,"Skill Development / Learning, Job Security, Company Culture",Promotions / Appraisal,651,4.0
1620,Celebi Aviation Holding,Aviation,"Skill Development / Learning, Job Security, Company Culture",Promotions / Appraisal,651,4.0
1621,Epicenter Technologies,BPO,nan,"Promotions / Appraisal, Work Satisfaction, Salary & Benefits",651,3.4
1622,Tejas Networks,Hardware & Networking,nan,Promotions / Appraisal,650,3.8
1623,Wissen Infotech,IT Services & Consulting,nan,"Promotions / Appraisal, Job Security, Skill Development / Learning",650,3.6
1624,Neurealm,IT Services & Consulting,nan,"Promotions / Appraisal, Job Security, Work Satisfaction",650,3.4
1625,Sandvik Asia,Industrial Machinery,"Company Culture, Work Life Balance, Job Security",Promotions / Appraisal,649,4.0
1626,Healthians,Internet,"Work Life Balance, Work Satisfaction, Skill Development / Learning",nan,649,4.1
1627,SMC Global Securities,Financial Services,nan,"Promotions / Appraisal, Work Satisfaction, Skill Development / Learning",648,3.4
1628,PCBL Chemical Limited,Petrochemicals,"Salary & Benefits, Job Security, Skill Development / Learning",nan,648,4.0
1629,Indorama,Agro Chemicals,"Job Security, Company Culture, Work Life Balance",Promotions / Appraisal,647,3.9
1630,JoulestoWatts Business Solutions,IT Services & Consulting,nan,"Promotions / Appraisal, Job Security, Company Culture",647,3.5
1631,Elite Elevators,Industrial Machinery,"Salary & Benefits, Work Satisfaction, Skill Development / Learning",nan,649,4.1
1632,HCL Healthcare,Healthcare,"Company Culture, Work Life Balance, Work Satisfaction",nan,646,4.6
1633,BankBazaar,FinTech,nan,"Promotions / Appraisal, Work Satisfaction, Skill Development / Learning",645,3.3
1634,CJ Darcl Logistics Limited,Logistics,"Company Culture, Work Life Balance, Job Security",Promotions / Appraisal,644,4.0
1635,Marlabs,IT Services & Consulting,Work Life Balance,"Promotions / Appraisal, Job Security, Skill Development / Learning",644,3.5
1636,TIAA Global Business Services,Financial Services,"Work Life Balance, Salary & Benefits","Promotions / Appraisal, Work Satisfaction, Skill Development / Learning",644,3.7
1637,Data Entry,BPO,"Company Culture, Work Satisfaction, Skill Development / Learning",nan,643,4.3
1638,DeHaat,Internet,nan,"Job Security, Promotions / Appraisal",644,3.6
1639,Welspun World,Building Material,nan,"Promotions / Appraisal, Company Culture, Work Life Balance",643,3.6
1640,Magic Edtech,IT Services & Consulting,nan,"Promotions / Appraisal, Job Security, Salary & Benefits",643,3.6
1641,TCI Express,Logistics,"Job Security, Work Life Balance, Skill Development / Learning",nan,642,3.9
1642,My Home Industries,Building Material,"Work Life Balance, Company Culture, Job Security",nan,642,4.0
1643,Yatra,Travel & Tourism,nan,"Promotions / Appraisal, Skill Development / Learning, Company Culture",641,3.3
1644,Fiat India Automobiles,Automobile,nan,"Promotions / Appraisal, Company Culture, Work Life Balance",641,3.6
1645,Sintex BAPL,Petrochemicals,Salary & Benefits,"Promotions / Appraisal, Job Security, Company Culture",641,3.6
1646,Magic Bus India Foundation,Non-Profit,nan,"Promotions / Appraisal, Job Security",641,3.8
1647,CSC,Financial Services,"Work Life Balance, Job Security","Promotions / Appraisal, Salary & Benefits, Skill Development / Learning",642,3.6
1648,Forbes Marshall,Industrial Machinery,"Job Security, Company Culture, Skill Development / Learning",Promotions / Appraisal,640,3.9
1649,Tata Power Delhi Distribution,Power,"Job Security, Work Life Balance","Promotions / Appraisal, Salary & Benefits",639,3.8
1650,Quality Austria Central Asia,Other,nan,"Promotions / Appraisal, Salary & Benefits, Job Security",639,3.5
1651,Nihilent,IT Services & Consulting,nan,"Promotions / Appraisal, Job Security, Company Culture",639,3.2
1652,Krsnaa Diagnostics,Healthcare,nan,"Promotions / Appraisal, Salary & Benefits, Company Culture",639,3.6
1653,Centaur Pharmaceuticals,Pharma,nan,"Promotions / Appraisal, Company Culture, Work Satisfaction",638,3.5
1654,Uno Mindarika,Auto Components,"Job Security, Skill Development / Learning",Promotions / Appraisal,638,4.0
1655,Alshaya Group,Retail,Work Life Balance,"Promotions / Appraisal, Skill Development / Learning",636,3.8
1656,Times Group,Printing & Publishing,Work Life Balance,Promotions / Appraisal,635,3.8
1657,Talentpro,Recruitment,nan,Promotions / Appraisal,635,3.8
1658,Pennar Industries,Engineering & Construction,nan,"Promotions / Appraisal, Salary & Benefits, Company Culture",634,3.4
1659,Shivalik Small Finance Bank,Banking,Skill Development / Learning,Promotions / Appraisal,633,3.8
1660,NICE,Software Product,nan,"Promotions / Appraisal, Work Satisfaction, Job Security",633,3.5
1661,Narayana e-Techno School,Education & Training,nan,"Promotions / Appraisal, Company Culture, Work Life Balance",634,3.7
1662,The Lalit,Hospitality,nan,"Promotions / Appraisal, Salary & Benefits, Company Culture",633,3.5
1663,Inspirisys Solution,IT Services & Consulting,nan,"Promotions / Appraisal, Salary & Benefits",633,3.7
1664,Encore Capital Group,IT Services & Consulting,"Company Culture, Work Life Balance, Job Security","Promotions / Appraisal, Salary & Benefits",631,3.9
1665,Carrier,Industrial Machinery,Work Life Balance,"Promotions / Appraisal, Work Satisfaction, Skill Development / Learning",631,3.7
1666,ICA Edu Skills,Education & Training,"Work Life Balance, Skill Development / Learning","Promotions / Appraisal, Job Security, Salary & Benefits",631,3.8
1667,Ramboll,Engineering & Construction,"Company Culture, Work Life Balance, Job Security",Promotions / Appraisal,630,4.0
1668,GKN,Industrial Automation,Work Life Balance,Promotions / Appraisal,629,3.8
1669,ANAROCK Property Consultants,Real Estate,nan,"Promotions / Appraisal, Work Satisfaction, Work Life Balance",629,3.6
1670,Philips Innovation Campus,Software Product,Work Life Balance,"Promotions / Appraisal, Job Security, Skill Development / Learning",629,3.7
1671,Continental,Auto Components,Work Life Balance,"Promotions / Appraisal, Job Security, Work Satisfaction",629,3.6
1672,Khazana Jewellery,Jewellery,Skill Development / Learning,Promotions / Appraisal,629,3.9
1673,Welspun Corp,Iron & Steel,"Skill Development / Learning, Company Culture",Promotions / Appraisal,629,4.0
1674,Kaar Tech,IT Services & Consulting,"Skill Development / Learning, Job Security, Company Culture",nan,632,4.3
1675,Ferrero,Food Processing,"Salary & Benefits, Skill Development / Learning, Job Security",Promotions / Appraisal,628,3.9
1676,NRB Bearings,Auto Components,"Work Life Balance, Job Security, Company Culture",Promotions / Appraisal,626,4.1
1677,Corporate Infotech,IT Services & Consulting,nan,"Promotions / Appraisal, Salary & Benefits",626,3.7
1678,3M,Electronics Manufacturing,"Company Culture, Work Life Balance, Salary & Benefits","Promotions / Appraisal, Job Security",625,4.0
1679,bp,Oil & Gas,"Work Life Balance, Salary & Benefits","Promotions / Appraisal, Work Satisfaction, Skill Development / Learning",626,3.7
1680,Surin Automotive,Industrial Machinery,"Salary & Benefits, Job Security",nan,625,3.8
1681,NoBrokerHood,Software Product,nan,"Job Security, Work Satisfaction, Company Culture",625,2.8
1682,Mount Litera Zee School,Education & Training,nan,"Promotions / Appraisal, Job Security, Salary & Benefits",625,3.7
1683,Crowne Plaza,Hospitality,"Job Security, Company Culture, Skill Development / Learning",nan,625,4.1
1684,Vikram Solar,Power,nan,"Promotions / Appraisal, Company Culture, Work Satisfaction",624,3.6
1685,InternEzy,EdTech,"Company Culture, Work Life Balance, Work Satisfaction",nan,624,4.9
1686,Electrotherm,Iron & Steel,"Job Security, Work Life Balance, Work Satisfaction",nan,624,4.2
1687,Impetus Technologies,IT Services & Consulting,nan,"Work Satisfaction, Promotions / Appraisal, Company Culture",623,3.3
1688,B.L. Kashyap & Sons,Engineering & Construction,"Work Life Balance, Job Security","Promotions / Appraisal, Salary & Benefits",623,3.8
1689,Hetero Healthcare,Pharma,nan,"Promotions / Appraisal, Work Satisfaction, Skill Development / Learning",623,3.6
1690,Me n Moms,Retail,"Skill Development / Learning, Company Culture, Work Life Balance",nan,623,4.2
1691,Karvy Stock Broking,Hyderabad +106 other locations,nan,"Promotions / Appraisal, Work Life Balance, Company Culture",622,3.6
1692,Gainwell Commosales,Industrial Machinery,"Job Security, Company Culture, Skill Development / Learning",Promotions / Appraisal,622,4.0
1693,Varthana,NBFC,"Company Culture, Work Life Balance, Salary & Benefits",nan,621,4.0
1694,Ebixcash Global Services,BPO,nan,"Promotions / Appraisal, Salary & Benefits, Job Security",622,3.2
1695,MAQ Software,IT Services & Consulting,nan,"Company Culture, Work Life Balance, Work Satisfaction",621,3.3
1696,FCC Clutch,Auto Components,"Work Life Balance, Job Security",Promotions / Appraisal,622,3.9
1697,Tecnimont,Engineering & Construction,"Job Security, Salary & Benefits",Promotions / Appraisal,620,3.9
1698,TDS Lithium-Ion Battery,Auto Components,"Company Culture, Work Life Balance, Skill Development / Learning",nan,620,4.2
1699,Turbo Energy,Auto Components,"Work Satisfaction, Skill Development / Learning, Company Culture",Promotions / Appraisal,619,4.2
1700,TVS Eurogrip,Auto Components,nan,"Promotions / Appraisal, Company Culture, Job Security",619,3.7
1701,Danfoss Industries,Industrial Machinery,"Work Life Balance, Company Culture",Promotions / Appraisal,618,3.9
1702,RealPage,Software Product,nan,"Promotions / Appraisal, Job Security, Work Satisfaction",619,3.6
1703,Manjushree Technopack,Bengaluru +34 other locations,nan,"Promotions / Appraisal, Company Culture, Work Satisfaction",617,3.5
1704,ExportersIndia,Internet,"Company Culture, Work Life Balance, Work Satisfaction",nan,618,4.9
1705,Trigent Software,IT Services & Consulting,nan,"Promotions / Appraisal, Job Security, Work Satisfaction",617,3.4
1706,NetConnectGlobal,IT Services & Consulting,nan,"Promotions / Appraisal, Job Security, Skill Development / Learning",617,3.1
1707,Avalon Technologies,Electronics Manufacturing,"Skill Development / Learning, Job Security","Promotions / Appraisal, Salary & Benefits",617,3.8
1708,UKB Electronics Limited,Electronics Manufacturing,nan,"Job Security, Company Culture, Work Satisfaction",617,3.6
1709,Suroj Buildcon,Engineering & Construction,"Company Culture, Job Security, Salary & Benefits",nan,617,4.1
1710,Finova Capital,NBFC,Salary & Benefits,nan,617,3.8
1711,Reliance Jewels,Jewellery,"Job Security, Skill Development / Learning, Company Culture",Promotions / Appraisal,616,3.8
1712,Careon Healthcare Solutions,Medical Equipment,"Company Culture, Work Life Balance, Job Security",Promotions / Appraisal,637,3.9
1713,Suraksha Diagnostic,Healthcare,Skill Development / Learning,Promotions / Appraisal,615,3.7
1714,Sir H. N. Reliance Foundation Hospital and Research,Healthcare,"Skill Development / Learning, Job Security, Salary & Benefits",nan,615,4.3
1715,Geojit Financial Services,Financial Services,nan,"Promotions / Appraisal, Work Satisfaction, Salary & Benefits",614,3.4
1716,South Indian Bank,Banking,"Salary & Benefits, Job Security","Work Life Balance, Work Satisfaction, Company Culture",615,3.3
1717,Varun Motors,Automobile,Job Security,"Promotions / Appraisal, Salary & Benefits",614,3.8
1718,Global Healthcare Billing Partners,BPO,nan,"Promotions / Appraisal, Company Culture, Work Satisfaction",614,3.4
1719,Hitachi Systems Micro Clinic,IT Services & Consulting,"Work Life Balance, Job Security, Company Culture",Promotions / Appraisal,613,4.0
1720,Pyramid IT Consulting,Recruitment,nan,"Promotions / Appraisal, Job Security, Work Satisfaction",613,3.0
1721,Shivam Autotech,Auto Components,Skill Development / Learning,"Promotions / Appraisal, Salary & Benefits",613,3.6
1722,Revolut,FinTech,Salary & Benefits,"Job Security, Work Satisfaction, Company Culture",613,2.6
1723,BDO RISE Private Limited,Accounting & Auditing,nan,"Promotions / Appraisal, Salary & Benefits",612,3.6
1724,Collegedunia,Internet,nan,"Job Security, Promotions / Appraisal, Work Satisfaction",612,3.0
1725,National Stock Exchange of India,Financial Services,Job Security,"Promotions / Appraisal, Work Satisfaction, Skill Development / Learning",612,3.6
1726,Kajaria Ceramics,Building Material,"Work Life Balance, Salary & Benefits","Promotions / Appraisal, Skill Development / Learning",611,3.9
1727,Dr. Batras' Positive Health Clinic,Healthcare,nan,"Promotions / Appraisal, Salary & Benefits",611,3.7
1728,Emids Technologies Limited,IT Services & Consulting,nan,"Job Security, Promotions / Appraisal, Work Satisfaction",611,3.6
1729,Airports Authority of India,Aviation,"Work Life Balance, Work Satisfaction, Job Security",nan,610,4.2
1730,Sapphire Foods India,Hospitality,Skill Development / Learning,nan,610,3.8
1731,Okaya Power,Electrical Equipment,nan,Promotions / Appraisal,610,3.7
1732,Chaitanya India Fin Credit,NBFC,"Company Culture, Skill Development / Learning, Work Life Balance",nan,610,4.0
1733,Maharashtra Seamless,Building Material,Job Security,"Promotions / Appraisal, Company Culture, Salary & Benefits",610,3.5
1734,Kaizen IT Services,IT Services & Consulting,"Work Life Balance, Company Culture, Job Security",Promotions / Appraisal,610,3.9
1735,Netmeds.com,Pharma,Work Life Balance,"Promotions / Appraisal, Job Security",610,3.8
1736,Monte Carlo,Fashion & Textile,"Work Life Balance, Salary & Benefits, Company Culture",nan,609,4.2
1737,Annalect,Marketing & Advertising,nan,"Promotions / Appraisal, Job Security, Work Satisfaction",610,3.4
1738,Nucleus Software Exports,Software Product,Job Security,"Work Satisfaction, Promotions / Appraisal, Skill Development / Learning",609,3.4
1739,ThoughtWorks,IT Services & Consulting,"Work Life Balance, Company Culture, Skill Development / Learning",Promotions / Appraisal,609,3.9
1740,Suma Soft,IT Services & Consulting,nan,"Promotions / Appraisal, Salary & Benefits, Work Satisfaction",609,3.5
1741,CSM Technologies,IT Services & Consulting,"Work Life Balance, Job Security",nan,609,4.0
1742,ACKO,Insurance,nan,"Promotions / Appraisal, Job Security, Skill Development / Learning",609,3.5
1743,Sigma Engineered Solutions,Industrial Machinery,"Company Culture, Skill Development / Learning, Work Life Balance","Promotions / Appraisal, Salary & Benefits",609,3.9
1744,Shriram Automall,Internet,"Job Security, Company Culture, Work Life Balance",nan,608,4.0
1745,IDBI Intech Limited,IT Services & Consulting,Job Security,"Promotions / Appraisal, Salary & Benefits, Company Culture",608,3.2
1746,Gestamp,Auto Components,nan,"Promotions / Appraisal, Company Culture, Work Satisfaction",607,3.6
1747,Sasken,IT Services & Consulting,nan,"Promotions / Appraisal, Job Security, Work Satisfaction",606,3.6
1748,Central Reserve Police Force,Government,"Job Security, Salary & Benefits, Company Culture",nan,607,4.6
1749,Ongc Petro Additions,Petrochemicals,"Job Security, Work Life Balance, Work Satisfaction",nan,606,4.0
1750,IRB Infrastructure,Engineering & Construction,Work Life Balance,Promotions / Appraisal,606,3.9
1751,Sl Lumax,Auto Components,nan,"Work Life Balance, Promotions / Appraisal, Company Culture",606,3.4
1752,MothersonSumi INfotech & Designs,IT Services & Consulting,Job Security,"Promotions / Appraisal, Skill Development / Learning, Salary & Benefits",605,3.4
1753,Wissen Technology,IT Services & Consulting,nan,Promotions / Appraisal,606,3.7
1754,Aster Dm Healthcare,Healthcare,nan,"Promotions / Appraisal, Salary & Benefits, Company Culture",605,3.7
1755,Becton Dickinson,Medical Equipment,"Company Culture, Work Life Balance, Job Security",Promotions / Appraisal,605,4.0
1756,Sintex Industries,Industrial Machinery,"Job Security, Company Culture, Work Life Balance",Promotions / Appraisal,605,3.9
1757,Hamilton Housewares,Consumer Electronics & Appliances,Work Life Balance,Promotions / Appraisal,604,3.9
1758,HDFC Asset Management Company,Financial Services,"Job Security, Work Life Balance, Company Culture",Promotions / Appraisal,604,4.1
1759,Mavenir Systems,IT Services & Consulting,nan,"Promotions / Appraisal, Job Security, Company Culture",604,3.3
1760,SOLAR INDUSTRIES INDIA,Defence & Aerospace,Job Security,"Promotions / Appraisal, Company Culture, Work Satisfaction",604,3.7
1761,Super Smelters,Iron & Steel,Skill Development / Learning,"Promotions / Appraisal, Salary & Benefits",604,3.7
1762,Royal Caribbean International,Sports & Recreation,"Salary & Benefits, Company Culture, Skill Development / Learning",nan,602,4.2
1763,Fiem Industries,Auto Components,Salary & Benefits,"Job Security, Company Culture, Work Life Balance",602,3.6
1764,Cyfuture,IT Services & Consulting,nan,"Promotions / Appraisal, Salary & Benefits, Company Culture",602,3.0
1765,Carnival Cruise Lines,Sports & Recreation,"Company Culture, Work Life Balance, Work Satisfaction",nan,602,4.2
1766,Holiday Inn,Hospitality,"Job Security, Skill Development / Learning, Work Life Balance",nan,602,4.0
1767,Family Health Plan,Insurance,nan,"Promotions / Appraisal, Salary & Benefits, Skill Development / Learning",601,3.7
1768,Polaris Consulting,IT Services & Consulting,"Job Security, Work Life Balance, Skill Development / Learning",nan,601,4.1
1769,ITC Limited Foods Division,Food Processing,Job Security,"Promotions / Appraisal, Salary & Benefits",601,3.9
1770,Dhani Services,Mumbai +79 other locations,nan,"Job Security, Promotions / Appraisal",602,3.7
1771,Finastra,Software Product,Work Life Balance,"Promotions / Appraisal, Work Satisfaction, Job Security",601,3.7
1772,InsuranceDekho,Internet,nan,"Promotions / Appraisal, Job Security, Work Life Balance",600,3.5
1773,Einfochips,IT Services & Consulting,nan,"Promotions / Appraisal, Salary & Benefits, Work Satisfaction",600,3.5
1774,Medcode,IT Services & Consulting,"Skill Development / Learning, Company Culture, Work Satisfaction",nan,600,4.0
1775,BT E Serv,BPO,"Work Life Balance, Company Culture, Job Security",Promotions / Appraisal,600,3.9
1776,Agrostar,Internet,"Company Culture, Skill Development / Learning",Job Security,600,4.0
1777,Vedanta Limited,Metals & Mining,Salary & Benefits,"Promotions / Appraisal, Company Culture, Work Life Balance",600,3.8
1778,Jain Irrigation Systems,Agriculture,Job Security,"Promotions / Appraisal, Salary & Benefits",599,3.8
1779,ShareChat,Internet,Salary & Benefits,"Job Security, Promotions / Appraisal, Work Satisfaction",599,3.6
1780,Columbia Asia,Healthcare,"Company Culture, Skill Development / Learning, Work Life Balance",nan,598,4.6
1781,Serum Institute of India,Biotechnology,"Job Security, Salary & Benefits, Work Life Balance",Promotions / Appraisal,599,4.1
1782,Grab A Grub Services,Logistics,Work Life Balance,"Promotions / Appraisal, Job Security",597,3.9
1783,Sanghi Industries,Building Material,"Work Life Balance, Skill Development / Learning","Promotions / Appraisal, Salary & Benefits",597,4.0
1784,Godrej Industries,Real Estate,"Job Security, Company Culture, Work Life Balance",Promotions / Appraisal,597,4.1
1785,Renovision Automation Services,IT Services & Consulting,nan,"Promotions / Appraisal, Salary & Benefits, Company Culture",597,3.3
1786,Sapiens,Software Product,nan,"Promotions / Appraisal, Work Satisfaction, Skill Development / Learning",597,3.1
1787,Royaloak Incorporation,Furniture & Furnishing,nan,"Job Security, Promotions / Appraisal, Company Culture",597,3.7
1788,Sudarshan Chemical Industries,Chemicals,"Skill Development / Learning, Work Life Balance",Promotions / Appraisal,596,3.9
1789,BMC Software,Software Product,"Work Life Balance, Company Culture, Salary & Benefits","Promotions / Appraisal, Job Security",596,4.0
1790,Cashify,Internet,Work Life Balance,"Job Security, Promotions / Appraisal",596,3.8
1791,Ugam Solution,IT Services & Consulting,Job Security,"Promotions / Appraisal, Salary & Benefits, Work Satisfaction",595,3.6
1792,Schwing Stetter,Industrial Machinery,Job Security,Promotions / Appraisal,595,3.9
1793,Kirloskar Ferrous Industries,Iron & Steel,Job Security,"Promotions / Appraisal, Salary & Benefits, Work Life Balance",595,3.6
1794,Jubilant Agri and Consumer Products,Chemicals,"Salary & Benefits, Work Life Balance, Company Culture",Promotions / Appraisal,593,4.0
1795,Mrs Bector's Food Specialities,Food Processing,nan,"Promotions / Appraisal, Company Culture",594,3.9
1796,Finolex Industries,Building Material,nan,"Promotions / Appraisal, Skill Development / Learning, Company Culture",596,3.6
1797,Belstar Microfinance,NBFC,"Work Life Balance, Company Culture, Work Satisfaction",Promotions / Appraisal,593,4.0
1798,VDA Infosolutions,IT Services & Consulting,Job Security,Promotions / Appraisal,591,3.8
1799,Jayaswal Neco Industries,Iron & Steel,"Job Security, Work Life Balance, Skill Development / Learning",nan,591,4.0
1800,Bridge & Roof Co,Engineering & Construction,nan,"Promotions / Appraisal, Company Culture, Work Life Balance",590,3.5
1801,Blackrock,Financial Services,nan,"Promotions / Appraisal, Work Satisfaction, Company Culture",591,3.5
1802,Blackberrys,Fashion & Textile,nan,"Job Security, Promotions / Appraisal",590,3.7
1803,Toyoda Gosei Minda,Auto Components,"Job Security, Work Life Balance, Company Culture",nan,590,4.2
1804,Action Tesa,Building Material,nan,"Promotions / Appraisal, Salary & Benefits",591,3.8
1805,Nspira Management Services,BPO,nan,"Promotions / Appraisal, Work Satisfaction, Skill Development / Learning",589,3.6
1806,DealShare,Internet,nan,"Job Security, Promotions / Appraisal, Company Culture",589,3.6
1807,Hpl Electric & Power,Electrical Equipment,nan,"Promotions / Appraisal, Company Culture, Skill Development / Learning",589,3.7
1808,DHL Global Forwarding,Logistics,"Work Life Balance, Job Security, Company Culture",Promotions / Appraisal,588,3.9
1809,CSG International,IT Services & Consulting,nan,"Promotions / Appraisal, Job Security, Skill Development / Learning",588,3.5
1810,IKEA,Retail,"Work Life Balance, Company Culture, Job Security",Promotions / Appraisal,588,4.0
1811,Heidelberg Cement,Building Material,"Work Life Balance, Job Security, Company Culture",nan,587,4.1
1812,Myk Laticrete,Building Material,"Salary & Benefits, Skill Development / Learning",Promotions / Appraisal,586,3.9
1813,AVTEC,Auto Components,nan,"Promotions / Appraisal, Job Security, Salary & Benefits",586,3.5
1814,Kellogg,FMCG,"Company Culture, Work Life Balance, Job Security",nan,586,4.2
1815,Medley Pharmaceuticals,Pharma,"Work Life Balance, Company Culture, Job Security","Promotions / Appraisal, Skill Development / Learning, Salary & Benefits",586,3.9
1816,Vedang Cellular Services,Telecom,Salary & Benefits,"Job Security, Promotions / Appraisal",585,3.8
1817,Bharat Biotech International,Biotechnology,nan,"Promotions / Appraisal, Company Culture, Work Satisfaction",586,3.1
1818,Saudi Aramco,Oil & Gas,"Company Culture, Work Life Balance, Salary & Benefits",nan,585,4.5
1819,Excitel Broadband,Telecom,nan,"Promotions / Appraisal, Job Security, Company Culture",584,3.6
1820,United Colors of Benetton,Fashion & Textile,"Company Culture, Work Life Balance, Work Satisfaction",nan,584,4.3
1821,Excitel Broadband,Telecom,nan,"Promotions / Appraisal, Job Security, Company Culture",584,3.6
1822,Maxicus,BPO,"Company Culture, Work Life Balance, Job Security",nan,583,4.0
1823,Ofbusiness,Internet,nan,"Job Security, Company Culture, Work Life Balance",583,3.0
1824,Pathkind Diagnostics Private Limited,Healthcare,"Skill Development / Learning, Work Satisfaction, Salary & Benefits",nan,583,4.0
1825,Vadilal Industries,FMCG,"Job Security, Work Life Balance, Company Culture",nan,583,4.1
1826,Inspira Enterprise India Limited,IT Services & Consulting,nan,"Promotions / Appraisal, Company Culture, Work Satisfaction",582,3.6
1827,EaseMyTrip.com,Internet,"Work Life Balance, Work Satisfaction, Job Security",nan,583,4.0
1828,IDP Education Limited,Education & Training,Work Life Balance,"Promotions / Appraisal, Job Security, Skill Development / Learning",582,3.6
1829,Consulting Engineers Group,Engineering & Construction,"Work Life Balance, Company Culture, Work Satisfaction",Promotions / Appraisal,581,4.1
1830,Coal India,Metals & Mining,"Job Security, Salary & Benefits, Work Life Balance",nan,581,4.0
1831,Anmol Industries,FMCG,nan,Promotions / Appraisal,581,3.9
1832,Affinity Express,Marketing & Advertising,nan,"Promotions / Appraisal, Work Satisfaction, Salary & Benefits",580,2.9
1833,SIS Prosegur Holdings,Law Enforcement & Security,nan,"Promotions / Appraisal, Salary & Benefits, Company Culture",581,3.4
1834,Motilal Oswal Wealth Management,Financial Services,"Skill Development / Learning, Company Culture, Work Satisfaction",nan,593,4.4
1835,BEML,Industrial Machinery,Job Security,"Promotions / Appraisal, Salary & Benefits, Company Culture",578,3.8
1836,Quest Retail Private Limited,Retail,"Work Life Balance, Job Security, Skill Development / Learning",nan,578,4.1
1837,EdgeVerve Systems,Software Product,Job Security,"Promotions / Appraisal, Salary & Benefits, Work Satisfaction",578,3.3
1838,Hilton,Hospitality,"Skill Development / Learning, Company Culture, Work Life Balance",nan,578,4.1
1839,Jubilant Generics,Pharma,"Work Life Balance, Salary & Benefits","Promotions / Appraisal, Job Security",577,3.9
1840,Micromax Informatics,Consumer Electronics & Appliances,Work Life Balance,"Promotions / Appraisal, Job Security",577,3.9
1841,APL Apollo Tubes,Iron & Steel,"Skill Development / Learning, Salary & Benefits, Company Culture",nan,577,4.0
1842,Efs Facilities Services,Facility Management Services,nan,"Promotions / Appraisal, Salary & Benefits",578,3.7
1843,Pamac Finserve,BPO,nan,"Promotions / Appraisal, Salary & Benefits, Work Life Balance",576,3.2
1844,Sterling Oil Exploration & Energy Production,Oil & Gas,nan,"Promotions / Appraisal, Work Life Balance, Work Satisfaction",577,3.5
1845,Hettich,Furniture & Furnishing,nan,"Promotions / Appraisal, Work Satisfaction, Skill Development / Learning",576,3.6
1846,Eli Lilly and Company,Pharma,nan,"Promotions / Appraisal, Work Satisfaction, Company Culture",575,3.5
1847,PTC,Software Product,"Work Life Balance, Company Culture, Job Security",nan,575,4.2
1848,Varindera Constructions,Engineering & Construction,"Salary & Benefits, Company Culture, Work Satisfaction",nan,576,4.4
1849,Cvent,Software Product,nan,"Promotions / Appraisal, Work Satisfaction, Skill Development / Learning",574,3.2
1850,Kiya.ai,IT Services & Consulting,nan,Promotions / Appraisal,574,3.8
1851,Wood Group,Engineering & Construction,"Work Life Balance, Salary & Benefits",Promotions / Appraisal,574,3.8
1852,Jindal Poly Films,Packaging,nan,"Promotions / Appraisal, Job Security, Company Culture",573,3.6
1853,Ascent HR Technologies Private Limited,Software Product,nan,"Promotions / Appraisal, Salary & Benefits, Company Culture",573,3.6
1854,Gandhi Automations,Industrial Machinery,"Job Security, Salary & Benefits, Promotions / Appraisal",nan,573,4.0
1855,Infinity Learn,EdTech,"Salary & Benefits, Company Culture, Skill Development / Learning",nan,574,4.2
1856,Capital Numbers Infotech,IT Services & Consulting,"Work Life Balance, Company Culture, Work Satisfaction",nan,572,4.2
1857,GAMMON INDIA,Engineering & Construction,nan,Promotions / Appraisal,572,3.7
1858,Accion Labs,IT Services & Consulting,nan,"Promotions / Appraisal, Job Security, Work Satisfaction",572,3.5
1859,Army Public School,Education & Training,"Skill Development / Learning, Salary & Benefits, Work Life Balance","Job Security, Promotions / Appraisal",573,4.0
1860,GAMMON INDIA,Engineering & Construction,nan,Promotions / Appraisal,572,3.7
1861,AVEVA,Software Product,"Work Life Balance, Company Culture",Promotions / Appraisal,571,4.0
1862,Dr. Reddy's Foundation,Non-Profit,nan,Promotions / Appraisal,571,3.7
1863,Maharashtra State Electricity Distribution Company,Power,"Company Culture, Skill Development / Learning, Work Life Balance",Promotions / Appraisal,571,4.2
1864,Avaada Group,Power,"Job Security, Company Culture, Work Life Balance",nan,571,4.2
1865,NLC India Limited,Metals & Mining,"Work Life Balance, Job Security, Company Culture",nan,570,4.4
1866,AVIOM,NBFC,"Work Life Balance, Salary & Benefits, Company Culture",nan,570,4.0
1867,Lulu International Shopping Mall,Retail,Job Security,"Promotions / Appraisal, Salary & Benefits",572,3.7
1868,Orra Fine Jewellery,Jewellery,nan,"Company Culture, Work Satisfaction, Job Security",568,3.5
1869,BrightCHAMPS,EdTech,"Work Life Balance, Company Culture, Work Satisfaction",nan,576,4.1
1870,Colt Technology Services,Hardware & Networking,"Work Life Balance, Company Culture, Work Satisfaction",nan,569,4.2
1871,Fenesta Building Systems,Building Material,"Job Security, Skill Development / Learning, Company Culture",Promotions / Appraisal,568,4.1
1872,Apitoria Pharma,Pharma,"Job Security, Work Life Balance, Company Culture",nan,568,4.2
1873,PureSoftware,Software Product,nan,"Job Security, Promotions / Appraisal, Skill Development / Learning",568,2.9
1874,PayU Payments,FinTech,nan,"Promotions / Appraisal, Job Security, Work Satisfaction",567,3.3
1875,Amway India Enterprises,Fitness & Wellness,"Work Life Balance, Company Culture, Salary & Benefits",Promotions / Appraisal,567,4.1
1876,Aurionpro Solutions,Software Product,nan,"Promotions / Appraisal, Skill Development / Learning, Company Culture",567,3.5
1877,HBL Power Systems,Electrical Equipment,Work Life Balance,"Promotions / Appraisal, Salary & Benefits",567,4.0
1878,WayCool Foods and Products,FMCG,nan,"Job Security, Promotions / Appraisal, Skill Development / Learning",567,3.4
1879,Crystal Crop Protection,Agro Chemicals,nan,Promotions / Appraisal,567,3.8
1880,TSYS|Total System Services,FinTech,"Work Life Balance, Company Culture, Salary & Benefits",nan,566,4.1
1881,Damco Solutions,IT Services & Consulting,nan,"Promotions / Appraisal, Work Satisfaction, Skill Development / Learning",566,3.6
1882,Jaipur Rugs,Fashion & Textile,"Company Culture, Skill Development / Learning, Work Life Balance",nan,566,4.3
1883,Perficient,IT Services & Consulting,Work Life Balance,"Promotions / Appraisal, Job Security",566,3.7
1884,Country Delight,Food Processing,Salary & Benefits,"Promotions / Appraisal, Skill Development / Learning",565,3.8
1885,SoftAge Information Technology,IT Services & Consulting,nan,"Promotions / Appraisal, Job Security",564,3.6
1886,J K Fenner,Engineering & Construction,nan,Promotions / Appraisal,564,3.9
1887,Pinnacle Infotech,IT Services & Consulting,Job Security,"Company Culture, Work Life Balance, Work Satisfaction",564,3.4
1888,Vyapar,Software Product,nan,"Job Security, Promotions / Appraisal, Work Life Balance",565,3.6
1889,The Saraswat Co-operative Bank,Banking,nan,"Promotions / Appraisal, Salary & Benefits, Work Satisfaction",564,3.2
1890,McCain Foods,FMCG,"Salary & Benefits, Work Life Balance, Company Culture",Promotions / Appraisal,564,4.1
1891,Dishman Carbogen Amcis,Pharma,nan,"Promotions / Appraisal, Job Security, Company Culture",563,3.5
1892,Baker Hughes,Oil & Gas,"Work Life Balance, Company Culture, Work Satisfaction",Promotions / Appraisal,562,4.1
1893,Transport Corporation Of India,Logistics,"Job Security, Skill Development / Learning","Promotions / Appraisal, Salary & Benefits",562,3.8
1894,Expleo Group,IT Services & Consulting,nan,"Promotions / Appraisal, Salary & Benefits, Work Satisfaction",562,3.4
1895,HashedIn by Deloitte,IT Services & Consulting,"Job Security, Company Culture, Skill Development / Learning",nan,563,4.0
1896,Alcon,Medical Equipment,"Work Life Balance, Salary & Benefits",Promotions / Appraisal,561,3.8
1897,Levi Strauss & Co.,Fashion & Textile,"Company Culture, Work Life Balance, Work Satisfaction",nan,561,4.2
1898,Prochant,Analytics & KPO,"Company Culture, Work Life Balance, Skill Development / Learning",nan,560,3.9
1899,Applied Materials,Semiconductors,nan,"Promotions / Appraisal, Work Satisfaction, Skill Development / Learning",560,3.7
1900,Maxop Engineering Co.,Auto Components,"Salary & Benefits, Work Life Balance, Skill Development / Learning",nan,560,4.1
1901,Kauvery Hospital,Healthcare,"Company Culture, Job Security, Skill Development / Learning",Promotions / Appraisal,559,4.0
1902,United Spirits,Beverage,"Skill Development / Learning, Salary & Benefits, Company Culture","Promotions / Appraisal, Job Security",558,4.1
1903,Mr Cooper,Financial Services,"Job Security, Company Culture, Work Life Balance","Promotions / Appraisal, Salary & Benefits",558,4.0
1904,BAXY,Auto Components,"Work Life Balance, Salary & Benefits, Work Satisfaction",nan,572,4.0
1905,UTL Solar,Electronics Manufacturing,nan,"Promotions / Appraisal, Company Culture, Salary & Benefits",557,3.7
1906,Voyants Solutions,Engineering & Construction,nan,"Promotions / Appraisal, Job Security",557,3.7
1907,Allianz Services,Insurance,"Job Security, Company Culture, Work Life Balance","Salary & Benefits, Promotions / Appraisal",557,4.2
1908,Empower,Financial Services,"Job Security, Salary & Benefits, Company Culture",Promotions / Appraisal,557,4.0
1909,Toyota Industries Engine India,Auto Components,"Company Culture, Job Security, Work Life Balance",Promotions / Appraisal,557,4.4
1910,Paras Dairy,Food Processing,nan,"Job Security, Promotions / Appraisal, Company Culture",556,3.5
1911,Lear Corporation,Auto Components,"Work Life Balance, Company Culture",Promotions / Appraisal,556,4.0
1912,Toothsi,Internet,nan,"Job Security, Promotions / Appraisal, Company Culture",556,2.7
1913,Iron Mountain Inc,IT Services & Consulting,Work Life Balance,Promotions / Appraisal,556,3.8
1914,Courtyard by Marriott,Hospitality,"Job Security, Company Culture, Skill Development / Learning",nan,554,4.2
1915,Andritz Hydro Location India,Chennai +28 other locations,Job Security,Promotions / Appraisal,555,3.8
1916,Renault,Automobile,"Company Culture, Work Life Balance, Work Satisfaction",nan,553,4.1
1917,DB Schenker,Logistics,"Work Life Balance, Company Culture, Work Satisfaction",Promotions / Appraisal,553,4.3
1918,QSpiders,Education & Training,nan,"Promotions / Appraisal, Job Security, Salary & Benefits",553,3.8
1919,Congruex Asia Pacific,Engineering & Construction,"Company Culture, Work Life Balance","Promotions / Appraisal, Skill Development / Learning, Salary & Benefits",553,3.7
1920,Z X Learning,EdTech,"Company Culture, Work Life Balance, Work Satisfaction",nan,553,4.3
1921,Solara Active Pharma Sciences,Pharma,nan,"Promotions / Appraisal, Company Culture, Salary & Benefits",553,3.7
1922,Herbalife International,Healthcare,"Work Life Balance, Salary & Benefits, Company Culture",nan,554,4.0
1923,HUDL,Software Product,nan,"Promotions / Appraisal, Skill Development / Learning, Job Security",553,3.2
1924,ArcelorMittal,Iron & Steel,"Work Life Balance, Job Security, Company Culture",nan,552,4.1
1925,Paramount Health Services Tpa,Insurance,Work Life Balance,"Promotions / Appraisal, Salary & Benefits",553,3.8
1926,Genesys International Corporation,IT Services & Consulting,nan,"Promotions / Appraisal, Salary & Benefits, Company Culture",553,3.4
1927,Artemis Hospitals,Healthcare,"Work Life Balance, Job Security, Skill Development / Learning",Promotions / Appraisal,551,4.1
1928,Wow Momo Foods,Hospitality,nan,"Promotions / Appraisal, Work Satisfaction, Company Culture",551,3.6
1929,Bajaj Consumer Care,FMCG,"Company Culture, Work Life Balance, Salary & Benefits",Promotions / Appraisal,550,3.8
1930,Mahendra NextWealth IT,IT Services & Consulting,nan,"Promotions / Appraisal, Salary & Benefits, Company Culture",550,3.4
1931,BUSINESSNEXT,Software Product,nan,"Work Satisfaction, Promotions / Appraisal, Skill Development / Learning",550,3.5
1932,C5i,Analytics & KPO,"Company Culture, Work Life Balance, Job Security",nan,550,4.1
1933,Practo,Internet,nan,"Job Security, Promotions / Appraisal, Company Culture",549,3.0
1934,MITS Global Consulting,Recruitment,"Work Life Balance, Company Culture, Work Satisfaction",nan,549,4.6
1935,Ambit Finvest,NBFC,"Salary & Benefits, Company Culture, Work Life Balance",nan,548,4.0
1936,"DATAMARK, Inc.",BPO,nan,"Promotions / Appraisal, Salary & Benefits, Work Satisfaction",548,3.5
1937,Sandoz,Pharma,"Salary & Benefits, Company Culture, Work Life Balance",Promotions / Appraisal,549,4.0
1938,General Motors,Automobile,"Company Culture, Work Life Balance, Work Satisfaction",nan,547,4.0
1939,Unimoni,FinTech,"Company Culture, Work Life Balance, Skill Development / Learning",Promotions / Appraisal,547,3.9
1940,Matrimonialsindia,Internet,"Company Culture, Work Life Balance, Work Satisfaction",nan,548,4.9
1941,General Motors,Automobile,"Company Culture, Work Life Balance, Work Satisfaction",nan,547,4.0
1942,Marelli,Auto Components,nan,"Promotions / Appraisal, Skill Development / Learning, Company Culture",547,3.5
1943,FiveS Digital,BPO,nan,"Salary & Benefits, Promotions / Appraisal, Job Security",547,3.4
1944,Carlsberg,Beverage,"Salary & Benefits, Company Culture, Job Security",Promotions / Appraisal,547,4.0
1945,Datamatics Business Solutions,Management Consulting,nan,"Promotions / Appraisal, Salary & Benefits, Work Satisfaction",547,3.4
1946,Prestige Group,Real Estate,"Work Life Balance, Job Security, Company Culture",nan,546,4.2
1947,Harman Finochem,Pharma,nan,"Company Culture, Promotions / Appraisal, Skill Development / Learning",546,3.6
1948,Innominds Software,IT Services & Consulting,nan,"Promotions / Appraisal, Job Security, Company Culture",545,3.2
1949,Inox Wind,Power,"Job Security, Work Life Balance","Promotions / Appraisal, Salary & Benefits",545,3.8
1950,Western Refrigeration,Industrial Machinery,"Job Security, Salary & Benefits",Company Culture,544,3.8
1951,Kirloskar Pneumatic,Industrial Machinery,"Job Security, Company Culture, Skill Development / Learning",nan,544,4.0
1952,Propertypistol Realty,Internet,Salary & Benefits,"Job Security, Promotions / Appraisal",544,3.7
1953,Bharat Fritz Werner,Industrial Machinery,Skill Development / Learning,"Promotions / Appraisal, Salary & Benefits",543,3.9
1954,LendingKart,NBFC,nan,"Promotions / Appraisal, Job Security, Work Satisfaction",543,3.6
1955,L & W Constructions,Engineering & Construction,"Salary & Benefits, Skill Development / Learning",Promotions / Appraisal,543,3.9
1956,The Times of India,Media & Entertainment,nan,"Promotions / Appraisal, Job Security, Salary & Benefits",545,3.6
1957,Kellogg Brown and Root,Engineering & Construction,"Work Life Balance, Company Culture, Work Satisfaction",Promotions / Appraisal,543,4.1
1958,Gayatri Projects,Engineering & Construction,nan,"Promotions / Appraisal, Job Security",542,3.9
1959,FNP,Retail,nan,"Promotions / Appraisal, Job Security, Work Life Balance",542,3.6
1960,SAEL Industries Limited,Power,"Work Life Balance, Salary & Benefits",Promotions / Appraisal,543,4.0
1961,FNP,Retail,nan,"Promotions / Appraisal, Job Security, Work Life Balance",542,3.6
1962,Laxmi Organic Industries,Chemicals,Work Life Balance,Promotions / Appraisal,542,3.9
1963,Utility Powertech,Power,Work Life Balance,"Promotions / Appraisal, Job Security, Skill Development / Learning",541,3.8
1964,Craftsman Automation,Auto Components,"Salary & Benefits, Skill Development / Learning","Company Culture, Promotions / Appraisal, Work Life Balance",541,3.8
1965,WPP Media,Marketing & Advertising,Job Security,"Promotions / Appraisal, Salary & Benefits, Work Satisfaction",541,3.7
1966,Enco Engineers Combine,Auto Components,nan,"Promotions / Appraisal, Company Culture, Job Security",541,3.7
1967,MR.DIY,Retail,nan,"Company Culture, Work Satisfaction, Work Life Balance",543,3.3
1968,Yokohama,Auto Components,Job Security,"Promotions / Appraisal, Work Satisfaction, Salary & Benefits",541,3.7
1969,Eicher Motors,Automobile,"Company Culture, Work Life Balance, Work Satisfaction",nan,540,4.1
1970,Maini Precision Products,Auto Components,nan,"Promotions / Appraisal, Job Security, Salary & Benefits",540,3.4
1971,Bharti Infratel,Telecom,"Company Culture, Work Satisfaction, Skill Development / Learning",nan,539,4.7
1972,Offshore Infrastructures,Engineering & Construction,"Job Security, Work Life Balance, Company Culture",nan,540,4.2
1973,Roop Polymers,Auto Components,"Work Life Balance, Company Culture, Job Security",Promotions / Appraisal,539,3.9
1974,Titan Engineering & Automation,Engineering & Construction,"Job Security, Skill Development / Learning","Promotions / Appraisal, Work Life Balance",540,3.8
1975,Dhani Healthcare,FinTech,nan,"Job Security, Promotions / Appraisal, Company Culture",539,3.4
1976,RAK Ceramics,Building Material,nan,Promotions / Appraisal,539,3.8
1977,GSPANN Technologies,IT Services & Consulting,"Work Life Balance, Company Culture, Job Security",nan,539,4.1
1978,AM Infoweb,BPO,"Skill Development / Learning, Salary & Benefits",nan,538,3.8
1979,BLK Super Speciality Hospital,Healthcare,"Skill Development / Learning, Company Culture, Job Security",Promotions / Appraisal,538,3.9
